"species","sppgrp"
"leadwood","Mixed hardwood"
"cuero de rana","Mixed hardwood"
"crapemyrtle","Mixed hardwood"
"pride of India","Mixed hardwood"
"nino de cota","Mixed hardwood"
"henna","Mixed hardwood"
"Krug's roughleaf","Mixed hardwood"
"pitahaya","Mixed hardwood"
"cream albizia","Mixed hardwood"
"naked albizia","Mixed hardwood"
"woman's tongue","Mixed hardwood"
"tall albizia","Mixed hardwood"
"achiotillo","Mixed hardwood"
"palo de gallina","Mixed hardwood"
"Indian walnut","Mixed hardwood"
"palo blanco","Mixed hardwood"
"palo de caja","Mixed hardwood"
"Senegal mahogany","Mixed hardwood"
"Kigelia africana","Mixed hardwood"
"guest tree","Mixed hardwood"
"Koanophyllon polyodon","Mixed hardwood"
"white leadtree","Mixed hardwood"
"Maria laurel","Mixed hardwood"
"Puerto Rico cinnamon","Mixed hardwood"
"pepperleaf sweetwood","Mixed hardwood"
"Amur privet","Mixed hardwood"
"geno geno","Mixed hardwood"
"geno","Mixed hardwood"
"broadleaf lancepod","Mixed hardwood"
"luehea","Mixed hardwood"
"lunania","Mixed hardwood"
"Lunania ekmanii","Mixed hardwood"
"St. Thomas staggerbush","Mixed hardwood"
"palo de hoz","Mixed hardwood"
"Puerto Rico alfilerillo","Mixed hardwood"
"Maclura tinctoria","Mixed hardwood"
"umbrella-tree","Mixed hardwood"
"Puerto Rico magnolia","Mixed hardwood"
"laurel magnolia","Mixed hardwood"
"Singapore holly","Mixed hardwood"
"Barbados cherry","Mixed hardwood"
"palo bronco","Mixed hardwood"
"wild crapemyrtle","Mixed hardwood"
"cowhage cherry","Mixed hardwood"
"bastard cherry","Mixed hardwood"
"mammee apple","Mixed hardwood"
"helecho gigante de la sierra","Mixed hardwood"
"Alsophila portoricensis","Mixed hardwood"
"black calabash","Mixed hardwood"
"balsam torchwood","Mixed hardwood"
"anacardium","Mixed hardwood"
"cashew","Mixed hardwood"
"Anadenanthera peregrina","Mixed hardwood"
"cabbagebark tree","Mixed hardwood"
"canelillo","Mixed hardwood"
"Annona cherimola","Mixed hardwood"
"ilama","Mixed hardwood"
"mountain soursop","Mixed hardwood"
"soursop","Mixed hardwood"
"custard apple","Mixed hardwood"
"sugar apple","Mixed hardwood"
"Antidesma bunius","Mixed hardwood"
"placa chiquitu","Mixed hardwood"
"pegwood","Mixed hardwood"
"palo iloron","Mixed hardwood"
"quina roja","Mixed hardwood"
"Puerto Rico quina","Mixed hardwood"
"slippery elm","Mixed hardwood"
"September elm","Mixed hardwood"
"rock elm","Mixed hardwood"
"California-laurel","Mixed hardwood"
"Joshua tree","Mixed hardwood"
"black-mangrove","Mixed hardwood"
"buttonwood-mangrove","Mixed hardwood"
"white-mangrove","Mixed hardwood"
"American mangrove","Mixed hardwood"
"desert ironwood","Juniper/oak/mesquite"
"saltcedar","Mixed hardwood"
"melaleuca","Mixed hardwood"
"chinaberry","Mixed hardwood"
"Chinese tallowtree","Mixed hardwood"
"tungoil tree","Mixed hardwood"
"smoketree","Mixed hardwood"
"Russian-olive","Mixed hardwood"
"Unknown dead hardwood","Mixed hardwood"
"Other or unknown live tree","Mixed hardwood"
"Washington hawthorn","Mixed hardwood"
"fleshy hawthorn","Mixed hardwood"
"dwarf hawthorn","Mixed hardwood"
"Berlandier ash","Mixed hardwood"
"blackbrush wattle","Mixed hardwood"
"porknut","Mixed hardwood"
"Acacia mangium","Mixed hardwood"
"spineless wattle","Mixed hardwood"
"gum arabic tree","Mixed hardwood"
"Acacia polyacantha","Mixed hardwood"
"poponax","Mixed hardwood"
"hollowheart","Mixed hardwood"
"grugru palm","Mixed hardwood"
"baobab","Mixed hardwood"
"wild lime","Mixed hardwood"
"red beadtree","Mixed hardwood"
"Caribbean spiritweed","Mixed hardwood"
"kauri","Mixed hardwood"
"Queensland kauri","Mixed hardwood"
"Aiphanes minima","Mixed hardwood"
"maconcona","Mixed hardwood"
"Caribbean holly","Mixed hardwood"
"Puerto Rico holly","Mixed hardwood"
"gongolin","Mixed hardwood"
"Sintenis' holly","Mixed hardwood"
"Urban's holly","Mixed hardwood"
"Ilex urbaniana","Mixed hardwood"
"inga","Mixed hardwood"
"sacky sac bean","Mixed hardwood"
"Inga nobilis","Mixed hardwood"
"river koko","Mixed hardwood"
"palo de hierro","Mixed hardwood"
"white jungleflame","Mixed hardwood"
"black poui","Mixed hardwood"
"braceletwood","Mixed hardwood"
"bois bande","Mixed hardwood"
"chirriador","Mixed hardwood"
"Barbados nut","Mixed hardwood"
"wild oilnut","Mixed hardwood"
"coralbush","Mixed hardwood"
"West Indian walnut","Mixed hardwood"
"Khaya anthotheca","Mixed hardwood"
"bulletwood","Mixed hardwood"
"Surinam bulletwood","Mixed hardwood"
"Sintenis' quina","Mixed hardwood"
"parana pine","Mixed hardwood"
"Norfolk Island pine","Mixed hardwood"
"ausubon","Mixed hardwood"
"mountain marlberry","Mixed hardwood"
"Guadeloupe marlberry","Mixed hardwood"
"China-shrub","Mixed hardwood"
"breadfruit","Mixed hardwood"
"Artocarpus heterophyllus","Mixed hardwood"
"carambola","Mixed hardwood"
"neem","Mixed hardwood"
"common bamboo","Mixed hardwood"
"Puerto Rico palo de ramon","Mixed hardwood"
"Vanderbilt's palo de ramon","Mixed hardwood"
"sea putat","Mixed hardwood"
"Bastardiopsis eggersii","Mixed hardwood"
"Napoleon's plume","Mixed hardwood"
"petite flamboyant bauhinia","Mixed hardwood"
"railroadfence","Mixed hardwood"
"butterfly tree","Mixed hardwood"
"St. Thomas tree","Mixed hardwood"
"mountain ebony","Mixed hardwood"
"slugwood","Mixed hardwood"
"Caribbean myrtlecroton","Mixed hardwood"
"lipsticktree","Mixed hardwood"
"akee","Mixed hardwood"
"wild dilly","Mixed hardwood"
"zapote de costa","Mixed hardwood"
"nisperillo","Mixed hardwood"
"sapodilla","Mixed hardwood"
"palo de cana","Mixed hardwood"
"bastard hogberry","Mixed hardwood"
"beruquillo","Mixed hardwood"
"Matayba apetala","Mixed hardwood"
"negra lora","Mixed hardwood"
"Caribbean mayten","Mixed hardwood"
"Puerto Rico mayten","Mixed hardwood"
"white cinnamon","Mixed hardwood"
"ponce mayten","Mixed hardwood"
"Mecranium latifolium","Mixed hardwood"
"Spanish lime","Mixed hardwood"
"aguacatillo","Mixed hardwood"
"cacaillo","Mixed hardwood"
"teabush","Mixed hardwood"
"parrotweed","Mixed hardwood"
"white alling","Mixed hardwood"
"Bourreria radula","Mixed hardwood"
"bodywood","Mixed hardwood"
"roble de guayo","Mixed hardwood"
"West Indian sumac","Mixed hardwood"
"American brunfelsia","Mixed hardwood"
"Serpentine Hill raintree","Mixed hardwood"
"vega blanca","Mixed hardwood"
"Puerto Rico raintree","Mixed hardwood"
"fourleaf buchenavia","Mixed hardwood"
"gregorywood","Mixed hardwood"
"cafe falso","Mixed hardwood"
"cafe forastero","Mixed hardwood"
"Bunchosia polystachia","Mixed hardwood"
"Buxus laevigata","Mixed hardwood"
"Puerto Rico box","Mixed hardwood"
"Vahl's box","Mixed hardwood"
"maricao cimun","Mixed hardwood"
"Long Key locustberry","Mixed hardwood"
"doncella","Mixed hardwood"
"almendrillo","Mixed hardwood"
"nicker","Mixed hardwood"
"divi divi","Mixed hardwood"
"pride-of-Barbados","Mixed hardwood"
"sappanwood","Mixed hardwood"
"Surinamese stickpea","Mixed hardwood"
"caparosa","Mixed hardwood"
"crimson bottlebrush","Mixed hardwood"
"Callitris columellaris","Pine"
"Caloncoba echinata","Mixed hardwood"
"Antilles calophyllum","Mixed hardwood"
"Alexandrian laurel","Mixed hardwood"
"roostertree","Mixed hardwood"
"degame","Mixed hardwood"
"Kiaerskov's lidflower","Mixed hardwood"
"hairy johnnyberry","Mixed hardwood"
"saquiyac","Mixed hardwood"
"Puerto Rico johnnyberry","Mixed hardwood"
"camasey de costilla","Mixed hardwood"
"smooth johnnyberry","Mixed hardwood"
"camasey cuatrocanales","Mixed hardwood"
"camasey racimoso","Mixed hardwood"
"granadillo bobo","Mixed hardwood"
"auquey","Mixed hardwood"
"ridge johnnyberry","Mixed hardwood"
"camasey felpa","Mixed hardwood"
"peralejo","Mixed hardwood"
"jau jau","Mixed hardwood"
"mountain johnnyberry","Mixed hardwood"
"forest johnnyberry","Mixed hardwood"
"rajador","Mixed hardwood"
"camasey tomaso","Mixed hardwood"
"caimitillo verde","Mixed hardwood"
"Micropholis guyanensis","Mixed hardwood"
"elegant mimosa","Mixed hardwood"
"monodora","Mixed hardwood"
"Morella cerifera","Mixed hardwood"
"Morella holdridgeana","Mixed hardwood"
"Indian mulberry","Mixed hardwood"
"horseradishtree","Mixed hardwood"
"ratapple","Mixed hardwood"
"murta","Mixed hardwood"
"mameyuelo","Mixed hardwood"
"strawberrytree","Mixed hardwood"
"Murraya exotica","Mixed hardwood"
"limoncillo","Mixed hardwood"
"Luquillo forest lidflower","Mixed hardwood"
"pale lidflower","Mixed hardwood"
"Puerto Rico lidflower","Mixed hardwood"
"limoncillo de monte","Mixed hardwood"
"Thomas' lidflower","Mixed hardwood"
"myrtle of the river","Mixed hardwood"
"Puerto Rico manac","Mixed hardwood"
"ilang-ilang","Mixed hardwood"
"wild cinnamon","Mixed hardwood"
"burro blanco","Mixed hardwood"
"caper","Mixed hardwood"
"Jamaican caper","Mixed hardwood"
"falseteeth","Mixed hardwood"
"broadleaf caper","Mixed hardwood"
"linguam","Mixed hardwood"
"crabwood","Mixed hardwood"
"papaya","Mixed hardwood"
"rabo de ranton","Mixed hardwood"
"gia verde","Mixed hardwood"
"wild honeytree","Mixed hardwood"
"Guyanese wild coffee","Mixed hardwood"
"crackopen","Mixed hardwood"
"golden shower","Mixed hardwood"
"pink shower","Mixed hardwood"
"apple blossom","Mixed hardwood"
"marbletree","Mixed hardwood"
"goatwood","Mixed hardwood"
"goatbush","Mixed hardwood"
"Panama rubbertree","Mixed hardwood"
"river sheoak","Mixed hardwood"
"beach sheoak","Mixed hardwood"
"Haitian catalpa","Mixed hardwood"
"pumpwood","Mixed hardwood"
"Spanish cedar","Mixed hardwood"
"pochote","Mixed hardwood"
"red rodwood","Mixed hardwood"
"cieneguillo","Mixed hardwood"
"curame","Mixed hardwood"
"guayabacon","Mixed hardwood"
"ausu","Mixed hardwood"
"punchberry","Mixed hardwood"
"twinberry","Mixed hardwood"
"guavaberry","Mixed hardwood"
"cercipo","Mixed hardwood"
"balsam of Tolu","Mixed hardwood"
"leathery colicwood","Mixed hardwood"
"Myrsine cubana","Mixed hardwood"
"Nectandra coriacea","Mixed hardwood"
"shinglewood","Mixed hardwood"
"Nectandra krugii","Mixed hardwood"
"Nectandra membranacea","Mixed hardwood"
"Nectandra patens","Mixed hardwood"
"Nectandra turbacensis","Mixed hardwood"
"saltwood","Mixed hardwood"
"kadam","Mixed hardwood"
"aquilon","Mixed hardwood"
"oleander","Mixed hardwood"
"African bird's-eye bush","Mixed hardwood"
"kapoktree","Mixed hardwood"
"almex","Mixed hardwood"
"St. John's bread","Mixed hardwood"
"lady of the night cactus","Mixed hardwood"
"Cereus hildmannianus","Mixed hardwood"
"day jessamine","Mixed hardwood"
"galen del monte","Mixed hardwood"
"night jessamine","Mixed hardwood"
"jointed sandmat","Mixed hardwood"
"hueso","Mixed hardwood"
"bridgotree","Mixed hardwood"
"white rosewood","Mixed hardwood"
"hueso prieto","Mixed hardwood"
"cabra blanca","Mixed hardwood"
"puntaj jayuya","Mixed hardwood"
"fatpork","Mixed hardwood"
"african teak","Mixed hardwood"
"silk-floss tree","Mixed hardwood"
"icaco coco plum","Mixed hardwood"
"bastard redwood","Mixed hardwood"
"star apple","Mixed hardwood"
"satinleaf","Mixed hardwood"
"camito de perro","Mixed hardwood"
"cassia","Mixed hardwood"
"laurel avispillo","Mixed hardwood"
"avispillo","Mixed hardwood"
"Ochroma pyramidale","Mixed hardwood"
"laurel espada","Mixed hardwood"
"black sweetwood","Mixed hardwood"
"loblolly sweetwood","Mixed hardwood"
"nemoca","Mixed hardwood"
"laurel sassafras","Mixed hardwood"
"laurel de paloma","Mixed hardwood"
"nemoca cimarrona","Mixed hardwood"
"Wright's laurel canelon","Mixed hardwood"
"peronia","Mixed hardwood"
"pincho palo de rosa","Mixed hardwood"
"chicharron amarillo","Mixed hardwood"
"abey amarillo","Mixed hardwood"
"guanabanilla","Mixed hardwood"
"blacklancewood","Mixed hardwood"
"haya","Mixed hardwood"
"wild chestnut","Mixed hardwood"
"tafetan","Mixed hardwood"
"red cappel","Mixed hardwood"
"Palicourea croceoides","Mixed hardwood"
"showy cappel","Mixed hardwood"
"cinnamon","Mixed hardwood"
"juniper berry","Mixed hardwood"
"spiny fiddlewood","Mixed hardwood"
"threespike fiddlewood","Mixed hardwood"
"key lime","Mixed hardwood"
"sour orange","Mixed hardwood"
"lemon","Mixed hardwood"
"grapefruit","Mixed hardwood"
"sweet orange","Mixed hardwood"
"Citrus maxima","Mixed hardwood"
"Citrus medica","Mixed hardwood"
"Citrus reticulata","Mixed hardwood"
"haggarbush","Mixed hardwood"
"teta prieta","Mixed hardwood"
"jackass breadnut","Mixed hardwood"
"Clidemia cymosa","Mixed hardwood"
"soapbush","Mixed hardwood"
"Philippine pigeonwings","Mixed hardwood"
"cupeillo","Mixed hardwood"
"Grundlach's attorney","Mixed hardwood"
"cupey de monte","Mixed hardwood"
"Scotch attorney","Mixed hardwood"
"deepwoods fern","Mixed hardwood"
"common screwpine","Mixed hardwood"
"scratchthroat","Mixed hardwood"
"parkia","Mixed hardwood"
"Parkia timoriana","Mixed hardwood"
"Jerusalem thorn","Mixed hardwood"
"cuachilote","Mixed hardwood"
"candle tree","Mixed hardwood"
"Peltophorum pterocarpum","Mixed hardwood"
"butter tree","Mixed hardwood"
"jiqi","Mixed hardwood"
"canela","Mixed hardwood"
"aquacatillo","Mixed hardwood"
"bastard stopper","Mixed hardwood"
"aquilon prieto","Mixed hardwood"
"candlewood","Mixed hardwood"
"Tahitian gooseberry tree","Mixed hardwood"
"gamo de costa","Mixed hardwood"
"Phyllanthus orbicularis","Mixed hardwood"
"Florida bitterbush","Mixed hardwood"
"bitterwood","Mixed hardwood"
"fustic","Mixed hardwood"
"aceitillo","Mixed hardwood"
"Royen's tree cactus","Mixed hardwood"
"allspice","Mixed hardwood"
"bayrumtree","Mixed hardwood"
"Caribbean pine","Pine"
"Chinese red pine","Pine"
"Merkus pine","Pine"
"ocote chino","Pine"
"Mexican weeping pine","Pine"
"higuillo de hoja menuda","Mixed hardwood"
"higuillo de limon","Mixed hardwood"
"moth pepper","Mixed hardwood"
"Pacific silver fir","True fir/hemlock"
"balsam fir","True fir/hemlock"
"Santa Lucia or bristlecone fir","True fir/hemlock"
"white fir","True fir/hemlock"
"Fraser fir","True fir/hemlock"
"grand fir","True fir/hemlock"
"corkbark fir","True fir/hemlock"
"subalpine fir","True fir/hemlock"
"California red fir","True fir/hemlock"
"Shasta red fir","True fir/hemlock"
"noble fir","True fir/hemlock"
"white-cedar spp.","Cedar/larch"
"Port-Orford-cedar","Cedar/larch"
"Alaska yellow-cedar","Cedar/larch"
"Atlantic white-cedar","Cedar/larch"
"cypress","Cedar/larch"
"Arizona cypress","Cedar/larch"
"Baker or Modoc cypress","Cedar/larch"
"Tecate cypress","Cedar/larch"
"Monterey cypress","Cedar/larch"
"Sargent's cypress","Cedar/larch"
"MacNab's cypress","Cedar/larch"
"redcedar/juniper spp.","Cedar/larch"
"Pinchot juniper","Juniper/oak/mesquite"
"redberry juniper","Juniper/oak/mesquite"
"Drooping juniper","Juniper/oak/mesquite"
"Ashe juniper","Juniper/oak/mesquite"
"California juniper","Juniper/oak/mesquite"
"alligator juniper","Juniper/oak/mesquite"
"western juniper","Cedar/larch"
"Utah juniper","Juniper/oak/mesquite"
"Rocky Mountain juniper","Juniper/oak/mesquite"
"southern redcedar","Cedar/larch"
"eastern redcedar","Cedar/larch"
"oneseed juniper","Juniper/oak/mesquite"
"larch spp.","Cedar/larch"
"tamarack (native)","Cedar/larch"
"subalpine larch","Cedar/larch"
"western larch","Cedar/larch"
"incense-cedar","Cedar/larch"
"spruce spp.","Spruce"
"Norway spruce","Spruce"
"Brewer spruce","Spruce"
"Engelmann spruce","Spruce"
"white spruce","Spruce"
"black spruce","Spruce"
"blue spruce","Spruce"
"red spruce","Spruce"
"treadsoftly","Mixed hardwood"
"uvilla","Mixed hardwood"
"whitewood","Mixed hardwood"
"puckhout","Mixed hardwood"
"pale seagrape","Mixed hardwood"
"grandleaf seagrape","Mixed hardwood"
"uvera","Mixed hardwood"
"ortegon","Mixed hardwood"
"uvero de monte","Mixed hardwood"
"Swartz's pigeonplum","Mixed hardwood"
"Bahama pigeonplum","Mixed hardwood"
"seagrape","Mixed hardwood"
"false chiggergrape","Mixed hardwood"
"Coccothrinax barbadensis","Mixed hardwood"
"silk cottontree","Mixed hardwood"
"garden croton","Mixed hardwood"
"Arabian coffee","Mixed hardwood"
"Coffea liberica","Mixed hardwood"
"Cojoba arborea","Mixed hardwood"
"abata cola","Mixed hardwood"
"greenheart","Mixed hardwood"
"Urban's nakedwood","Mixed hardwood"
"poison ash","Mixed hardwood"
"carrasco","Mixed hardwood"
"Luquillo Mountain snailwood","Mixed hardwood"
"Consolea moniliformis","Mixed hardwood"
"Consolea rubescens","Mixed hardwood"
"copaiba","Mixed hardwood"
"Spanish elm","Mixed hardwood"
"muneco","Mixed hardwood"
"red manjack","Mixed hardwood"
"smooth manjack","Mixed hardwood"
"clammy cherry","Mixed hardwood"
"San Bartolome","Mixed hardwood"
"Puerto Rico manjack","Mixed hardwood"
"Guyanese pepper","Mixed hardwood"
"Jamaican pepper","Mixed hardwood"
"Caracas pepper","Mixed hardwood"
"marigold pepper","Mixed hardwood"
"spanish elder","Mixed hardwood"
"stinkwood","Mixed hardwood"
"corcho bobo","Mixed hardwood"
"water mampoo","Mixed hardwood"
"monkeypod","Mixed hardwood"
"catclaw blackbead","Mixed hardwood"
"Oriental arborvitae","Pine"
"chupa gallo","Mixed hardwood"
"nosegaytree","Mixed hardwood"
"Singapore graveyard flower","Mixed hardwood"
"Plumeria obtusa","Mixed hardwood"
"templetree","Mixed hardwood"
"yucca plum pine","Mixed hardwood"
"Poitea florida","Mixed hardwood"
"Poitea punicea","Mixed hardwood"
"violet tree","Mixed hardwood"
"crevajosa","Mixed hardwood"
"geranium aralia","Mixed hardwood"
"Sitka spruce","Spruce"
"pine spp.","Pine"
"whitebark pine","Pine"
"Rocky Mountain bristlecone pine","Pine"
"knobcone pine","Pine"
"foxtail pine","Pine"
"jack pine","Pine"
"common or two-needle pinyon","Juniper/oak/mesquite"
"sand pine","Pine"
"lodgepole pine","Pine"
"Coulter pine","Pine"
"shortleaf pine","Pine"
"slash pine","Pine"
"Apache pine","Pine"
"limber pine","Pine"
"southwestern white pine","Pine"
"spruce pine","Pine"
"Jeffrey pine","Pine"
"sugar pine","Pine"
"Chihuahua pine","Pine"
"western white pine","Pine"
"bishop pine","Pine"
"longleaf pine","Pine"
"ponderosa pine","Pine"
"Table Mountain pine","Pine"
"Monterey pine","Pine"
"red pine","Pine"
"pitch pine","Pine"
"gray or California foothill pine","Pine"
"pond pine","Pine"
"eastern white pine","Pine"
"Scotch pine","Pine"
"loblolly pine","Pine"
"Virginia pine","Pine"
"singleleaf pinyon","Juniper/oak/mesquite"
"border pinyon","Juniper/oak/mesquite"
"Arizona pine","Pine"
"Austrian pine","Pine"
"Washoe pine","Pine"
"four-leaf or Parry pinyon pine","Juniper/oak/mesquite"
"Torrey pine","Pine"
"Mexican pinyon pine","Juniper/oak/mesquite"
"Papershell pinyon pine","Juniper/oak/mesquite"
"Great Basin bristlecone pine","Pine"
"Arizona pinyon pine","Juniper/oak/mesquite"
"Honduras pine","Pine"
"Douglas-fir spp.","Douglas-fir"
"bigcone Douglas-fir","Douglas-fir"
"mucilage manjack","Mixed hardwood"
"nigua","Mixed hardwood"
"azulejo","Mixed hardwood"
"Corymbia citriodora","Mixed hardwood"
"cannonball tree","Mixed hardwood"
"common calabash tree","Mixed hardwood"
"higuerito","Mixed hardwood"
"higuero de sierra","Mixed hardwood"
"Critonia portoricensis","Mixed hardwood"
"maidenberry","Mixed hardwood"
"wild marrow","Mixed hardwood"
"Croton flavens","Mixed hardwood"
"sabinon","Mixed hardwood"
"Japanese cedar","Pine"
"Chinese fir","Pine"
"wild ackee","Mixed hardwood"
"guara blanca","Mixed hardwood"
"cedar-of-Goa","Pine"
"Italian cypress","Pine"
"parrotfeather treefern","Mixed hardwood"
"West Indian treefern","Mixed hardwood"
"Jamaican treefern","Mixed hardwood"
"small treefern","Mixed hardwood"
"cocuyo","Mixed hardwood"
"redmammee","Mixed hardwood"
"bullytree","Mixed hardwood"
"mammee sapote","Mixed hardwood"
"Prestoea acuminata","Mixed hardwood"
"guasimilla","Mixed hardwood"
"jand","Mixed hardwood"
"kiawe","Mixed hardwood"
"West Indian cherry","Mixed hardwood"
"western cherry laurel","Mixed hardwood"
"Prunus serotina","Mixed hardwood"
"false breadnut","Mixed hardwood"
"Florida cherry palm","Mixed hardwood"
"mountain guava","Mixed hardwood"
"guava","Mixed hardwood"
"Psidium longipes","Mixed hardwood"
"Sintenis' guava","Mixed hardwood"
"cachimbo-cumun","Mixed hardwood"
"palo de cachimbo","Mixed hardwood"
"Browne's wild coffee","Mixed hardwood"
"Psychotria domingensis","Mixed hardwood"
"cachimbo grande","Mixed hardwood"
"Douglas-fir","Douglas-fir"
"redwood","Cedar/larch"
"giant sequoia","Cedar/larch"
"baldcypress spp.","Cedar/larch"
"baldcypress","Cedar/larch"
"pondcypress","Cedar/larch"
"Montezuma baldcypress","Cedar/larch"
"yew spp.","True fir/hemlock"
"Pacific yew","True fir/hemlock"
"Florida yew","True fir/hemlock"
"thuja spp.","Cedar/larch"
"northern white-cedar","Cedar/larch"
"western redcedar","Cedar/larch"
"torreya (nutmeg) spp.","True fir/hemlock"
"California torreya (nutmeg)","True fir/hemlock"
"Florida torreya (nutmeg)","True fir/hemlock"
"hemlock spp.","True fir/hemlock"
"eastern hemlock","True fir/hemlock"
"Carolina hemlock","True fir/hemlock"
"western hemlock","True fir/hemlock"
"mountain hemlock","True fir/hemlock"
"Unknown dead conifer","Pine"
"acacia spp.","Juniper/oak/mesquite"
"sweet acacia","Juniper/oak/mesquite"
"catclaw acacia","Juniper/oak/mesquite"
"maple spp.","Soft maple/birch"
"Florida maple","Soft maple/birch"
"bigleaf maple","Soft maple/birch"
"boxelder","Soft maple/birch"
"black maple","Hard maple/oak/hickory/beech"
"striped maple","Soft maple/birch"
"red maple","Soft maple/birch"
"silver maple","Soft maple/birch"
"sugar maple","Hard maple/oak/hickory/beech"
"mountain maple","Soft maple/birch"
"Norway maple","Soft maple/birch"
"Rocky Mountain maple","Juniper/oak/mesquite"
"bigtooth maple","Juniper/oak/mesquite"
"chalk maple","Mixed hardwood"
"buckeye, horsechestnut spp.","Mixed hardwood"
"Ohio buckeye","Mixed hardwood"
"yellow buckeye","Mixed hardwood"
"California buckeye","Mixed hardwood"
"Texas buckeye","Mixed hardwood"
"red buckeye","Mixed hardwood"
"painted buckeye","Mixed hardwood"
"ailanthus","Mixed hardwood"
"mimosa, silktree","Mixed hardwood"
"alder spp.","Aspen/alder/cottonwood/willow"
"helecho gigante","Mixed hardwood"
"Cybianthus sintenisii","Mixed hardwood"
"queen sago","Mixed hardwood"
"oreganillo falso","Mixed hardwood"
"swamp titi","Mixed hardwood"
"candletree","Mixed hardwood"
"Indian rosewood","Mixed hardwood"
"burn nose","Mixed hardwood"
"Heller's cieneguillo","Mixed hardwood"
"emajagua de sierra","Mixed hardwood"
"royal poinciana","Mixed hardwood"
"angelica tree","Mixed hardwood"
"palo de vaca","Mixed hardwood"
"chulta","Mixed hardwood"
"Dimocarpus longan","Mixed hardwood"
"black apple","Mixed hardwood"
"Chinese persimmon","Mixed hardwood"
"jaboncillo","Mixed hardwood"
"Florida hopbush","Mixed hardwood"
"Ceylon gooseberry","Mixed hardwood"
"fragrant dracaena","Mixed hardwood"
"cafeillo","Mixed hardwood"
"varital","Mixed hardwood"
"rosewood","Mixed hardwood"
"guiana plum","Mixed hardwood"
"cachimbo de gato","Mixed hardwood"
"cachimbo de maricao","Mixed hardwood"
"thicket wild coffee","Mixed hardwood"
"floating balsamo","Mixed hardwood"
"hairy wild coffee","Mixed hardwood"
"pterocarpus","Mixed hardwood"
"Burma padauk","Mixed hardwood"
"Malabar kino","Mixed hardwood"
"dragonsblood tree","Mixed hardwood"
"pomegranate","Mixed hardwood"
"swizzlestick tree","Mixed hardwood"
"white indigoberry","Mixed hardwood"
"palo amargo","Mixed hardwood"
"traveler's tree","Mixed hardwood"
"tortugo prieto","Mixed hardwood"
"guama","Mixed hardwood"
"Krug's darlingplum","Mixed hardwood"
"sloe","Mixed hardwood"
"castorbean","Mixed hardwood"
"greenheart ebony","Mixed hardwood"
"Rochefortia spinosa","Mixed hardwood"
"wild sugar apple","Mixed hardwood"
"cordobancillo","Mixed hardwood"
"cordobancillo peludo","Mixed hardwood"
"Juan Tomas","Mixed hardwood"
"Puerto Rico royal palm","Mixed hardwood"
"Roystonea elata","Mixed hardwood"
"red alder","Aspen/alder/cottonwood/willow"
"white alder","Aspen/alder/cottonwood/willow"
"Arizona alder","Aspen/alder/cottonwood/willow"
"European alder","Aspen/alder/cottonwood/willow"
"serviceberry spp.","Mixed hardwood"
"common serviceberry","Mixed hardwood"
"roundleaf serviceberry","Mixed hardwood"
"madrone spp.","Mixed hardwood"
"Pacific madrone","Mixed hardwood"
"Arizona madrone","Mixed hardwood"
"Texas madrone","Juniper/oak/mesquite"
"pawpaw","Mixed hardwood"
"birch spp.","Soft maple/birch"
"yellow birch","Soft maple/birch"
"sweet birch","Soft maple/birch"
"river birch","Soft maple/birch"
"water birch","Soft maple/birch"
"paper birch","Soft maple/birch"
"Virginia roundleaf birch","Soft maple/birch"
"northwestern paper birch","Soft maple/birch"
"gray birch","Soft maple/birch"
"chittamwood, gum bumelia","Mixed hardwood"
"American hornbeam, musclewood","Mixed hardwood"
"hickory spp.","Hard maple/oak/hickory/beech"
"water hickory","Hard maple/oak/hickory/beech"
"bitternut hickory","Hard maple/oak/hickory/beech"
"pignut hickory","Hard maple/oak/hickory/beech"
"pecan","Hard maple/oak/hickory/beech"
"shellbark hickory","Hard maple/oak/hickory/beech"
"nutmeg hickory","Hard maple/oak/hickory/beech"
"shagbark hickory","Hard maple/oak/hickory/beech"
"black hickory","Hard maple/oak/hickory/beech"
"mockernut hickory","Hard maple/oak/hickory/beech"
"sand hickory","Hard maple/oak/hickory/beech"
"scrub hickory","Hard maple/oak/hickory/beech"
"red hickory","Hard maple/oak/hickory/beech"
"southern shagbark hickory","Hard maple/oak/hickory/beech"
"chestnut spp.","Mixed hardwood"
"American chestnut","Mixed hardwood"
"Allegheny chinkapin","Mixed hardwood"
"Ozark chinkapin","Mixed hardwood"
"Chinese chestnut","Mixed hardwood"
"giant chinkapin, golden chinkapin","Mixed hardwood"
"catalpa spp.","Mixed hardwood"
"southern catalpa","Mixed hardwood"
"northern catalpa","Mixed hardwood"
"hackberry spp.","Mixed hardwood"
"sugarberry","Mixed hardwood"
"hackberry","Mixed hardwood"
"golden dewdrops","Mixed hardwood"
"Dypsis lutescens","Mixed hardwood"
"monkeysoap","Mixed hardwood"
"loquat","Mixed hardwood"
"blacktorch","Mixed hardwood"
"machete","Mixed hardwood"
"coral erythrina","Mixed hardwood"
"crybabytree","Mixed hardwood"
"cock's spur","Mixed hardwood"
"bucayo","Mixed hardwood"
"mountain immortelle","Mixed hardwood"
"tiger's claw","Mixed hardwood"
"swamp-redwood","Mixed hardwood"
"ratwood","Mixed hardwood"
"rufous false cocaine","Mixed hardwood"
"Urban's false cocaine","Mixed hardwood"
"Indonesian gum","Mixed hardwood"
"spotted gum","Mixed hardwood"
"gray ironbark","Mixed hardwood"
"redmahogany","Mixed hardwood"
"Sydney bluegum","Mixed hardwood"
"Puerto Rico palmetto","Mixed hardwood"
"white hogwood","Mixed hardwood"
"Salix humboldtiana","Mixed hardwood"
"raintree","Mixed hardwood"
"common elderberry","Mixed hardwood"
"Graves oak","Hard maple/oak/hickory/beech"
"Mexican white oak","Hard maple/oak/hickory/beech"
"Buckley oak","Hard maple/oak/hickory/beech"
"Lacey oak","Hard maple/oak/hickory/beech"
"wingleaf soapberry","Mixed hardwood"
"gumtree","Mixed hardwood"
"hinchahuevos","Mixed hardwood"
"milktree","Mixed hardwood"
"amansa guapo","Mixed hardwood"
"Florida boxwood","Mixed hardwood"
"guayabilla","Mixed hardwood"
"yuquilla","Mixed hardwood"
"matchwood","Mixed hardwood"
"Brazilian peppertree","Mixed hardwood"
"Brazilian firetree","Mixed hardwood"
"lac tree","Mixed hardwood"
"arana","Mixed hardwood"
"white beefwood","Mixed hardwood"
"gulf graytwig","Mixed hardwood"
"emperor's candlesticks","Mixed hardwood"
"flor de San Jose","Mixed hardwood"
"false sicklepod","Mixed hardwood"
"retama prieta","Mixed hardwood"
"Siamese cassia","Mixed hardwood"
"casia amarilla","Mixed hardwood"
"Senna sulfurea","Mixed hardwood"
"netleaf hackberry","Mixed hardwood"
"eastern redbud","Mixed hardwood"
"curlleaf mountain-mahogany","Juniper/oak/mesquite"
"yellowwood","Mixed hardwood"
"dogwood spp.","Mixed hardwood"
"flowering dogwood","Mixed hardwood"
"Pacific dogwood","Mixed hardwood"
"hawthorn spp.","Mixed hardwood"
"cockspur hawthorn","Mixed hardwood"
"downy hawthorn","Mixed hardwood"
"Brainerd's hawthorn","Mixed hardwood"
"pear hawthorn","Mixed hardwood"
"fireberry hawthorn","Mixed hardwood"
"broadleaf hawthorn","Mixed hardwood"
"fanleaf hawthorn","Mixed hardwood"
"oneseed hawthorn","Mixed hardwood"
"scarlet hawthorn","Mixed hardwood"
"eucalyptus spp.","Mixed hardwood"
"Tasmanian bluegum","Mixed hardwood"
"river redgum","Mixed hardwood"
"grand eucalyptus","Mixed hardwood"
"swampmahogany","Mixed hardwood"
"persimmon spp.","Mixed hardwood"
"common persimmon","Mixed hardwood"
"Texas persimmon","Mixed hardwood"
"Anacua knockaway","Juniper/oak/mesquite"
"American beech","Hard maple/oak/hickory/beech"
"ash spp.","Mixed hardwood"
"white ash","Mixed hardwood"
"Oregon ash","Mixed hardwood"
"black ash","Mixed hardwood"
"green ash","Mixed hardwood"
"pumpkin ash","Mixed hardwood"
"blue ash","Mixed hardwood"
"velvet ash","Mixed hardwood"
"Carolina ash","Mixed hardwood"
"Texas ash","Mixed hardwood"
"honeylocust spp.","Mixed hardwood"
"waterlocust","Mixed hardwood"
"honeylocust","Mixed hardwood"
"loblolly-bay","Mixed hardwood"
"ginkgo, maidenhair tree","Mixed hardwood"
"Kentucky coffeetree","Mixed hardwood"
"silverbell spp.","Mixed hardwood"
"Carolina silverbell","Mixed hardwood"
"two-wing silverbell","Mixed hardwood"
"little silverbell","Mixed hardwood"
"American holly","Mixed hardwood"
"white stopper","Mixed hardwood"
"blackrodwood","Mixed hardwood"
"Sierra de Cayey stopper","Mixed hardwood"
"guayabota de sierra","Mixed hardwood"
"redberry stopper","Mixed hardwood"
"lathberry","Mixed hardwood"
"sperry guava","Mixed hardwood"
"serrette guave","Mixed hardwood"
"guasabara","Mixed hardwood"
"smooth rodwood","Mixed hardwood"
"Luquillo Mountain stopper","Mixed hardwood"
"privet stopper","Mixed hardwood"
"birdcherry","Mixed hardwood"
"rockmyrtle","Mixed hardwood"
"Christmas cherry","Mixed hardwood"
"serrasuela","Mixed hardwood"
"sessileleaf stopper","Mixed hardwood"
"Stahl's stopper","Mixed hardwood"
"Stewardson's stopper","Mixed hardwood"
"Underwood's stopper","Mixed hardwood"
"Surinam cherry","Mixed hardwood"
"aridland stopper","Mixed hardwood"
"Mexican shrubby spurge","Mixed hardwood"
"mottled spurge","Mixed hardwood"
"Indian spurgetree","Mixed hardwood"
"manchineel berry","Mixed hardwood"
"Indiantree spurge","Mixed hardwood"
"Caribbean princewood","Mixed hardwood"
"plateado","Mixed hardwood"
"Exostema sanctae-luciae","Mixed hardwood"
"glossy shower","Mixed hardwood"
"vegetable hummingbird","Mixed hardwood"
"espejuelo","Mixed hardwood"
"breakbill","Mixed hardwood"
"Puerto Rico bully","Mixed hardwood"
"simarouba","Mixed hardwood"
"aceitillo falso","Mixed hardwood"
"hoja menuda","Mixed hardwood"
"bullwood","Mixed hardwood"
"motillo","Mixed hardwood"
"Solanum bahamense","Mixed hardwood"
"mullein nightshade","Mixed hardwood"
"potatotree","Mixed hardwood"
"forest nightshade","Mixed hardwood"
"cakalaka berry","Mixed hardwood"
"tabacon aspero","Mixed hardwood"
"turkey berry","Mixed hardwood"
"African tuliptree","Mixed hardwood"
"Spondias dulcis","Mixed hardwood"
"yellow mombin","Mixed hardwood"
"Anacahuita Texas Olive","Mixed hardwood"
"purple mombin","Mixed hardwood"
"cobana negra","Mixed hardwood"
"Panama tree","Mixed hardwood"
"hazel sterculia","Mixed hardwood"
"palo de jazmin","Mixed hardwood"
"bay cedar","Mixed hardwood"
"mahogany","Mixed hardwood"
"Honduras mahogany","Mixed hardwood"
"nispero cimarron","Mixed hardwood"
"Martinique sweetleaf","Mixed hardwood"
"aceitunilla","Mixed hardwood"
"walnut spp.","Mixed hardwood"
"butternut","Mixed hardwood"
"black walnut","Mixed hardwood"
"northern California black walnut","Mixed hardwood"
"southern California black walnut","Mixed hardwood"
"Texas walnut","Mixed hardwood"
"Arizona walnut","Mixed hardwood"
"sweetgum","Mixed hardwood"
"yellow-poplar","Mixed hardwood"
"tanoak","Mixed hardwood"
"Osage-orange","Mixed hardwood"
"magnolia spp.","Mixed hardwood"
"cucumbertree","Mixed hardwood"
"southern magnolia","Mixed hardwood"
"sweetbay","Mixed hardwood"
"bigleaf magnolia","Mixed hardwood"
"mountain or Fraser magnolia","Mixed hardwood"
"pyramid magnolia","Mixed hardwood"
"umbrella magnolia","Mixed hardwood"
"apple spp.","Mixed hardwood"
"Oregon crab apple","Mixed hardwood"
"southern crab apple","Mixed hardwood"
"sweet crab apple","Mixed hardwood"
"prairie crab apple","Mixed hardwood"
"mulberry spp.","Mixed hardwood"
"white mulberry","Mixed hardwood"
"red mulberry","Mixed hardwood"
"Texas mulberry","Mixed hardwood"
"black mulberry","Mixed hardwood"
"tupelo spp.","Mixed hardwood"
"water tupelo","Mixed hardwood"
"Ogeechee tupelo","Mixed hardwood"
"blackgum","Mixed hardwood"
"swamp tupelo","Mixed hardwood"
"eastern hophornbeam","Mixed hardwood"
"sourwood","Mixed hardwood"
"paulownia, empress-tree","Mixed hardwood"
"bay spp.","Mixed hardwood"
"redbay","Mixed hardwood"
"water-elm, planertree","Mixed hardwood"
"sycamore spp.","Mixed hardwood"
"California sycamore","Mixed hardwood"
"American sycamore","Mixed hardwood"
"Arizona sycamore","Mixed hardwood"
"cottonwood and poplar spp.","Aspen/alder/cottonwood/willow"
"balsam poplar","Aspen/alder/cottonwood/willow"
"eastern cottonwood","Aspen/alder/cottonwood/willow"
"bigtooth aspen","Aspen/alder/cottonwood/willow"
"false coffee","Mixed hardwood"
"Jamaican cherry fig","Mixed hardwood"
"Indian banyan","Mixed hardwood"
"weeping fig","Mixed hardwood"
"edible fig","Mixed hardwood"
"brown-woolly fig","Mixed hardwood"
"Indian rubberplant","Mixed hardwood"
"Ficus lutea","Mixed hardwood"
"fiddleleaf fig","Mixed hardwood"
"Chinese banyan","Mixed hardwood"
"tibig","Mixed hardwood"
"amate","Mixed hardwood"
"peepul tree","Mixed hardwood"
"jaguey","Mixed hardwood"
"sycamore fig","Mixed hardwood"
"jaguey blanco","Mixed hardwood"
"governor's plum","Mixed hardwood"
"batoko plum","Mixed hardwood"
"Flueggea acidoton","Mixed hardwood"
"inkbush","Mixed hardwood"
"caca ravet","Mixed hardwood"
"Florida swampprivet","Mixed hardwood"
"oval kumquat","Mixed hardwood"
"West Indian buckthorn","Mixed hardwood"
"shamel ash","Mixed hardwood"
"silkrubber","Mixed hardwood"
"avocado","Mixed hardwood"
"Gourka","Mixed hardwood"
"lemon saptree","Mixed hardwood"
"mangosteen","Mixed hardwood"
"palo de cruz","Mixed hardwood"
"Garcinia xanthochymus","Mixed hardwood"
"Syzygium jambos","Mixed hardwood"
"Malaysian apple","Mixed hardwood"
"roble amarillo","Mixed hardwood"
"primavera","Mixed hardwood"
"roble cimarron","Mixed hardwood"
"white cedar","Mixed hardwood"
"roble de sierra","Mixed hardwood"
"pink trumpet-tree","Mixed hardwood"
"roble colorado","Mixed hardwood"
"milkwood","Mixed hardwood"
"Athel tamarisk","Mixed hardwood"
"yellow trumpetbush","Mixed hardwood"
"teak","Mixed hardwood"
"tropical almond","Mixed hardwood"
"troipical almond","Mixed hardwood"
"Ivory Coast almond","Mixed hardwood"
"East Indian almond","Mixed hardwood"
"Peruvian almond","Mixed hardwood"
"superb terminalia","Mixed hardwood"
"saintedwood","Mixed hardwood"
"palo colorado","Mixed hardwood"
"copey vera","Mixed hardwood"
"mamey de cura","Mixed hardwood"
"el yunque colorado","Mixed hardwood"
"masa","Mixed hardwood"
"stinkingfish","Mixed hardwood"
"Puerto Rico clover ash","Mixed hardwood"
"krekre","Mixed hardwood"
"cenizo","Mixed hardwood"
"cacao","Mixed hardwood"
"swamp cottonwood","Aspen/alder/cottonwood/willow"
"plains cottonwood","Aspen/alder/cottonwood/willow"
"quaking aspen","Aspen/alder/cottonwood/willow"
"black cottonwood","Aspen/alder/cottonwood/willow"
"Fremont cottonwood","Aspen/alder/cottonwood/willow"
"narrowleaf cottonwood","Aspen/alder/cottonwood/willow"
"silver poplar","Aspen/alder/cottonwood/willow"
"Lombardy poplar","Aspen/alder/cottonwood/willow"
"mesquite spp.","Juniper/oak/mesquite"
"honey mesquite","Juniper/oak/mesquite"
"velvet mesquite","Juniper/oak/mesquite"
"screwbean mesquite","Juniper/oak/mesquite"
"cherry and plum spp.","Mixed hardwood"
"pin cherry","Mixed hardwood"
"black cherry","Mixed hardwood"
"chokecherry","Mixed hardwood"
"peach","Mixed hardwood"
"Canada plum","Mixed hardwood"
"American plum","Mixed hardwood"
"bitter cherry","Mixed hardwood"
"Allegheny plum","Mixed hardwood"
"Chickasaw plum","Mixed hardwood"
"sweet cherry, domesticated","Mixed hardwood"
"sour cherry, domesticated","Mixed hardwood"
"European plum, domesticated","Mixed hardwood"
"Mahaleb cherry, domesticated","Mixed hardwood"
"oak spp","Hard maple/oak/hickory/beech"
"California live oak","Hard maple/oak/hickory/beech"
"white oak","Hard maple/oak/hickory/beech"
"Arizona white oak","Juniper/oak/mesquite"
"swamp white oak","Hard maple/oak/hickory/beech"
"canyon live oak","Hard maple/oak/hickory/beech"
"scarlet oak","Hard maple/oak/hickory/beech"
"blue oak","Hard maple/oak/hickory/beech"
"Durand oak","Hard maple/oak/hickory/beech"
"northern pin oak","Hard maple/oak/hickory/beech"
"Emory oak","Juniper/oak/mesquite"
"Engelmann oak","Hard maple/oak/hickory/beech"
"southern red oak","Hard maple/oak/hickory/beech"
"cherrybark oak","Hard maple/oak/hickory/beech"
"Gambel oak","Juniper/oak/mesquite"
"Oregon white oak","Hard maple/oak/hickory/beech"
"scrub oak","Hard maple/oak/hickory/beech"
"shingle oak","Hard maple/oak/hickory/beech"
"California black oak","Hard maple/oak/hickory/beech"
"turkey oak","Hard maple/oak/hickory/beech"
"laurel oak","Hard maple/oak/hickory/beech"
"California white oak","Hard maple/oak/hickory/beech"
"llume","Mixed hardwood"
"jagua","Mixed hardwood"
"arbol de Navidad","Mixed hardwood"
"bastard gregre","Mixed hardwood"
"quickstick","Mixed hardwood"
"mata buey","Mixed hardwood"
"grand merisier","Mixed hardwood"
"Creole cotton","Mixed hardwood"
"Gossypium hirsutum","Mixed hardwood"
"Graffenrieda ottoschulzii","Mixed hardwood"
"silkoak","Mixed hardwood"
"lignum-vitae","Mixed hardwood"
"holywood","Mixed hardwood"
"black mampoo","Mixed hardwood"
"corcho prieto","Mixed hardwood"
"alligatorwood","Mixed hardwood"
"American muskwood","Mixed hardwood"
"haya minga","Mixed hardwood"
"haya blanca","Mixed hardwood"
"bastardcedar","Mixed hardwood"
"hammock velvetseed","Mixed hardwood"
"frogwood","Mixed hardwood"
"cucubano de vieques","Mixed hardwood"
"cucubano","Mixed hardwood"
"roseta","Mixed hardwood"
"wild guave","Mixed hardwood"
"cucubano de monte","Mixed hardwood"
"West Indian false box","Mixed hardwood"
"oysterwood","Mixed hardwood"
"bloodwoodtree","Mixed hardwood"
"palo de hueso","Mixed hardwood"
"scarletbush","Mixed hardwood"
"false locust","Mixed hardwood"
"maga","Mixed hardwood"
"Portia tree","Mixed hardwood"
"luckynut","Mixed hardwood"
"ceboruquillo","Mixed hardwood"
"Puerto Rico ceboruquillo","Mixed hardwood"
"Brazilian glorytree","Mixed hardwood"
"redcedar","Mixed hardwood"
"Australian redcedar","Mixed hardwood"
"boje","Mixed hardwood"
"cold withe","Mixed hardwood"
"Lamarck's trema","Mixed hardwood"
"Jamaican nettletree","Mixed hardwood"
"broomstick","Mixed hardwood"
"gaita","Mixed hardwood"
"bariaco","Mixed hardwood"
"limeberry","Mixed hardwood"
"Triplaris spp.","Mixed hardwood"
"ant tree","Mixed hardwood"
"white ramoon","Mixed hardwood"
"muttonwood","Mixed hardwood"
"scratchbush","Mixed hardwood"
"flameberry","Mixed hardwood"
"ortiga","Mixed hardwood"
"voa vanga","Mixed hardwood"
"lilac chastetree","Mixed hardwood"
"higuerillo","Mixed hardwood"
"Wallenia lamarckiana","Mixed hardwood"
"bastard briziletto","Mixed hardwood"
"overcup oak","Hard maple/oak/hickory/beech"
"bur oak","Hard maple/oak/hickory/beech"
"blackjack oak","Hard maple/oak/hickory/beech"
"swamp chestnut oak","Hard maple/oak/hickory/beech"
"chinkapin oak","Hard maple/oak/hickory/beech"
"water oak","Hard maple/oak/hickory/beech"
"Texas red oak","Hard maple/oak/hickory/beech"
"Mexican blue oak","Juniper/oak/mesquite"
"pin oak","Hard maple/oak/hickory/beech"
"willow oak","Hard maple/oak/hickory/beech"
"chestnut oak","Hard maple/oak/hickory/beech"
"northern red oak","Hard maple/oak/hickory/beech"
"Shumard oak","Hard maple/oak/hickory/beech"
"post oak","Hard maple/oak/hickory/beech"
"Delta post oak","Hard maple/oak/hickory/beech"
"black oak","Hard maple/oak/hickory/beech"
"live oak","Hard maple/oak/hickory/beech"
"interior live oak","Hard maple/oak/hickory/beech"
"dwarf post oak","Hard maple/oak/hickory/beech"
"dwarf live oak","Hard maple/oak/hickory/beech"
"bluejack oak","Hard maple/oak/hickory/beech"
"silverleaf oak","Juniper/oak/mesquite"
"Oglethorpe oak","Hard maple/oak/hickory/beech"
"dwarf chinkapin oak","Hard maple/oak/hickory/beech"
"gray oak","Juniper/oak/mesquite"
"netleaf oak","Juniper/oak/mesquite"
"Chisos oak","Hard maple/oak/hickory/beech"
"sea torchwood","Mixed hardwood"
"pond-apple","Mixed hardwood"
"gumbo limbo","Mixed hardwood"
"sheoak spp.","Mixed hardwood"
"gray sheoak","Mixed hardwood"
"belah","Mixed hardwood"
"camphortree","Mixed hardwood"
"Florida fiddlewood","Mixed hardwood"
"citrus spp.","Mixed hardwood"
"tietongue, pigeon-plum","Mixed hardwood"
"soldierwood","Mixed hardwood"
"largeleaf geigertree","Mixed hardwood"
"carrotwood","Mixed hardwood"
"Bluewood","Juniper/oak/mesquite"
"Blackbead ebony","Mixed hardwood"
"Great leucaene","Mixed hardwood"
"Texas sophora","Mixed hardwood"
"red stopper","Mixed hardwood"
"butterbough, inkwood","Mixed hardwood"
"Florida strangler fig","Mixed hardwood"
"wild banyantree, shortleaf fig","Mixed hardwood"
"beeftree, longleaf blolly","Mixed hardwood"
"cigarbush","Mixed hardwood"
"screwtree","Mixed hardwood"
"camasey peludo","Mixed hardwood"
"MacFadyen's camasey","Mixed hardwood"
"thinleaf camasey","Mixed hardwood"
"jusillo","Mixed hardwood"
"mago","Mixed hardwood"
"mahoe","Mixed hardwood"
"seaside mahoe","Mixed hardwood"
"shoeblackplant","Mixed hardwood"
"sea hibiscus","Mixed hardwood"
"teta de burra cinarron","Mixed hardwood"
"pigeonberry","Mixed hardwood"
"white cogwood","Mixed hardwood"
"sandbox tree","Mixed hardwood"
"cedro macho","Mixed hardwood"
"stinkingtoe","Mixed hardwood"
"inkwood","Mixed hardwood"
"limestone snakevine","Mixed hardwood"
"dahoon","Mixed hardwood"
"te","Mixed hardwood"
"tallow wood","Mixed hardwood"
"mucha-gente","Mixed hardwood"
"spiny logwood","Mixed hardwood"
"white logwood","Mixed hardwood"
"Schwaneck's logwood","Mixed hardwood"
"aloe yucca","Mixed hardwood"
"moundlily yucca","Mixed hardwood"
"bluestem yucca","Mixed hardwood"
"Maricao pricklyash","Mixed hardwood"
"prickly yellow","Mixed hardwood"
"West Indian satinwood","Mixed hardwood"
"white pricklyash","Mixed hardwood"
"yellow prickle","Mixed hardwood"
"dotted pricklyash","Mixed hardwood"
"niaragato","Mixed hardwood"
"St. Thomas pricklyash","Mixed hardwood"
"Zapoteca portoricensis","Mixed hardwood"
"Indian jujube","Mixed hardwood"
"cacao rojo","Mixed hardwood"
"soana","Mixed hardwood"
"Taylor's jujube","Mixed hardwood"
"manchineel","Mixed hardwood"
"false tamarind","Mixed hardwood"
"mango","Mixed hardwood"
"Florida poisontree","Mixed hardwood"
"fishpoison tree","Mixed hardwood"
"octopus tree, schefflera","Mixed hardwood"
"false mastic","Mixed hardwood"
"white bully, willow bustic","Mixed hardwood"
"paradisetree","Mixed hardwood"
"Java plum","Mixed hardwood"
"tamarind","Mixed hardwood"
"black locust","Mixed hardwood"
"New Mexico locust","Juniper/oak/mesquite"
"Everglades palm, paurotis-palm","Mixed hardwood"
"Florida silver palm","Mixed hardwood"
"coconut palm","Mixed hardwood"
"royal palm spp.","Mixed hardwood"
"Mexican palmetto","Mixed hardwood"
"cabbage palmetto","Mixed hardwood"
"key thatch palm","Mixed hardwood"
"Florida thatch palm","Mixed hardwood"
"other palms","Mixed hardwood"
"western soapberry","Mixed hardwood"
"willow spp.","Aspen/alder/cottonwood/willow"
"peachleaf willow","Aspen/alder/cottonwood/willow"
"black willow","Aspen/alder/cottonwood/willow"
"Bebb willow","Aspen/alder/cottonwood/willow"
"Bonpland willow","Aspen/alder/cottonwood/willow"
"coastal plain willow","Aspen/alder/cottonwood/willow"
"balsam willow","Aspen/alder/cottonwood/willow"
"white willow","Aspen/alder/cottonwood/willow"
"Scouler's willow","Aspen/alder/cottonwood/willow"
"weeping willow","Aspen/alder/cottonwood/willow"
"sassafras","Mixed hardwood"
"mountain-ash spp.","Mixed hardwood"
"American mountain-ash","Mixed hardwood"
"European mountain-ash","Mixed hardwood"
"northern mountain-ash","Mixed hardwood"
"West Indian mahogany","Mixed hardwood"
"basswood spp.","Mixed hardwood"
"American basswood","Mixed hardwood"
"white basswood","Mixed hardwood"
"Carolina basswood","Mixed hardwood"
"elm spp.","Mixed hardwood"
"winged elm","Mixed hardwood"
"American elm","Mixed hardwood"
"cedar elm","Mixed hardwood"
"Siberian elm","Mixed hardwood"
"fir spp.","True fir/hemlock"
"oak spp.","Hard maple/oak/hickory/beech"
"black wattle","Mixed hardwood"
"common snakebark","Mixed hardwood"
"fan palm","Mixed hardwood"
"Waioli Valley pritchardia","Mixed hardwood"
"Nihoa pritchardia","Mixed hardwood"
"lands of papa pritchardia","Mixed hardwood"
"pritchardia","Mixed hardwood"
"stickybud pritchardia","Mixed hardwood"
"poleline pritchardia","Mixed hardwood"
"fua lole","Mixed hardwood"
"mesquite","Mixed hardwood"
"strawberry guava","Mixed hardwood"
"Koolau Range wild coffee","Mixed hardwood"
"largeflower wild coffee","Mixed hardwood"
"Kauai wild coffee","Mixed hardwood"
"Waianae Range wild coffee","Mixed hardwood"
"kopikoula","Mixed hardwood"
"woodland wild coffee","Mixed hardwood"
"Oahu wild coffee","Mixed hardwood"
"milolii kopiwai","Mixed hardwood"
"matalafi","Mixed hardwood"
"kopiko kea","Mixed hardwood"
"aplohkateng","Mixed hardwood"
"forest wild coffee","Mixed hardwood"
"opiko","Mixed hardwood"
"Maytenus palauica","Mixed hardwood"
"kesiamel","Mixed hardwood"
"Dysoxylum","Mixed hardwood"
"oil nut palm","Mixed hardwood"
"kalia","Mixed hardwood"
"syatak","Mixed hardwood"
"`a`mati`e","Mixed hardwood"
"Elaeocarpus graeffei","Mixed hardwood"
"sapatua","Mixed hardwood"
"joga","Mixed hardwood"
"Elaeocarpus kerstingianus","Mixed hardwood"
"maratte, opop","Mixed hardwood"
"Elaeocarpus","Mixed hardwood"
"aamatie","Mixed hardwood"
"taputoi","Mixed hardwood"
"utuutu","Mixed hardwood"
"elaeocarpa","Mixed hardwood"
"wili wili","Mixed hardwood"
"erythrina","Mixed hardwood"
"gatae palagi","Mixed hardwood"
"acuminatissimum","Mixed hardwood"
"southern mahogany","Mixed hardwood"
"applebox","Mixed hardwood"
"argyle apple","Mixed hardwood"
"Hawaii pritchardia","Mixed hardwood"
"Maui pritchardia","Mixed hardwood"
"Kilauea pritchardia","Mixed hardwood"
"Mt. Eke pritchardia","Mixed hardwood"
"Makaleha pritchardia","Mixed hardwood"
"loulu lelo","Mixed hardwood"
"Waianae Range pritchardia","Mixed hardwood"
"Lanai pritchardia","Mixed hardwood"
"loulu","Mixed hardwood"
"Limahuli Valley pritchardia","Mixed hardwood"
"Molokai pritchardia","Mixed hardwood"
"Koolau Range pritchardia","Mixed hardwood"
"Alakai Swamp pritchardia","Mixed hardwood"
"Kamalo pritchardia","Mixed hardwood"
"sugargum","Mixed hardwood"
"yate","Mixed hardwood"
"narrowleaf red ironbark","Mixed hardwood"
"roundleaf gum","Mixed hardwood"
"tuart","Mixed hardwood"
"mountain graygum","Mixed hardwood"
"white box","Mixed hardwood"
"jarrah","Mixed hardwood"
"Australian tallowwood","Mixed hardwood"
"blackbutt","Mixed hardwood"
"black ironbox","Mixed hardwood"
"Western Australian floodedgum","Mixed hardwood"
"black peppermint","Mixed hardwood"
"red ironbark","Mixed hardwood"
"forest redgum","Mixed hardwood"
"manna gum","Mixed hardwood"
"edebsachel, chedebsachel","Mixed hardwood"
"Psychotria rhombocarpa","Mixed hardwood"
"Psychotria rotensis","Mixed hardwood"
"wild coffee","Mixed hardwood"
"leatherleaf wild coffee","Mixed hardwood"
"alahee","Mixed hardwood"
"Kauai pteralyxia","Mixed hardwood"
"ridged pteralyxia","Mixed hardwood"
"pteralyxia","Mixed hardwood"
"Ptychococcus ledermannianus","Mixed hardwood"
"Macarthur feather palm","Mixed hardwood"
"chesdbuuch","Mixed hardwood"
"Ptychosperma","Mixed hardwood"
"cork oak","Mixed hardwood"
"togo vao","Mixed hardwood"
"poison devils-pepper","Mixed hardwood"
"omechidel","Mixed hardwood"
"devils-pepper","Mixed hardwood"
"vi vao","Mixed hardwood"
"ohe makai","Mixed hardwood"
"reynoldsia","Mixed hardwood"
"Rheeda","Mixed hardwood"
"mangle","Mixed hardwood"
"Rhizophora lamarckii","Mixed hardwood"
"mangle hembra","Mixed hardwood"
"mangrove","Mixed hardwood"
"Rhizophora stylosa","Mixed hardwood"
"rose myrtle","Mixed hardwood"
"Rhodomyrtus tomentosus","Mixed hardwood"
"neneleau","Mixed hardwood"
"sumac","Mixed hardwood"
"tavai","Mixed hardwood"
"cloves","Mixed hardwood"
"macupa, wax apple","Mixed hardwood"
"nioi","Mixed hardwood"
"makupa, malay apple","Mixed hardwood"
"Eugenia nitida","Mixed hardwood"
"orenged","Mixed hardwood"
"agatelang","Mixed hardwood"
"mountain stopper","Mixed hardwood"
"stopper","Mixed hardwood"
"luluhut","Mixed hardwood"
"rebotel","Mixed hardwood"
"atoto","Mixed hardwood"
"Kauai spurge","Mixed hardwood"
"poinsettia","Mixed hardwood"
"spurge","Mixed hardwood"
"Longan","Mixed hardwood"
"anini","Mixed hardwood"
"eurya","Mixed hardwood"
"Euodia hortensis","Mixed hardwood"
"kertub","Mixed hardwood"
"beror","Mixed hardwood"
"Euodia ponapensis","Mixed hardwood"
"Euodia","Mixed hardwood"
"Euodia trichantha","Mixed hardwood"
"blinding tree","Mixed hardwood"
"hulumoa","Mixed hardwood"
"exocarpos","Mixed hardwood"
"kotop","Mixed hardwood"
"ricinus","Mixed hardwood"
"Rinorea carolinensis","Mixed hardwood"
"Rollinia","Mixed hardwood"
"royal palm","Mixed hardwood"
"etkeam, cheskeam","Mixed hardwood"
"santol, kechapi","Mixed hardwood"
"coastal sandalwood","Mixed hardwood"
"forest sandalwood","Mixed hardwood"
"Haleakala sandalwood","Mixed hardwood"
"mountain sandalwood","Mixed hardwood"
"willowleaf sandalwood","Mixed hardwood"
"sandalwood","Mixed hardwood"
"lonomea","Mixed hardwood"
"soapberry","Mixed hardwood"
"vitiensis","Mixed hardwood"
"maskerekur","Mixed hardwood"
"uunu","Mixed hardwood"
"Scaevola, naupaka","Mixed hardwood"
"naupaka kuahiwi","Mixed hardwood"
"mountain naupaka","Mixed hardwood"
"forest naupaka","Mixed hardwood"
"naupaka","Mixed hardwood"
"schaefferia","Mixed hardwood"
"pualulu","Mixed hardwood"
"ksid","Mixed hardwood"
"Fagraea","Mixed hardwood"
"peacocksplume","Mixed hardwood"
"mati","Mixed hardwood"
"aoa","Mixed hardwood"
"Port Jackson fig","Mixed hardwood"
"lulk, banyan","Mixed hardwood"
"mati vao","Mixed hardwood"
"fig","Mixed hardwood"
"higo","Mixed hardwood"
"Finschia chloroxantha","Mixed hardwood"
"burrdaisytree","Mixed hardwood"
"filimoto","Mixed hardwood"
"Queensland maple","Mixed hardwood"
"poumuli","Mixed hardwood"
"mehamehame","Mixed hardwood"
"bushweed","Mixed hardwood"
"California buckthorn","Mixed hardwood"
"Bolivian fuchsia","Mixed hardwood"
"shrubby fuchsia","Mixed hardwood"
"fuchsia","Mixed hardwood"
"samoensis","Mixed hardwood"
"Toitoi","Mixed hardwood"
"Peruvian peppertree","Mixed hardwood"
"kuat","Mixed hardwood"
"tonget","Mixed hardwood"
"Gaudichauds senna","Mixed hardwood"
"valamuerto","Mixed hardwood"
"senna","Mixed hardwood"
"ukall","Mixed hardwood"
"hayun lago, trongkon guafi","Mixed hardwood"
"Egyptian riverhemp","Mixed hardwood"
"riverhemp","Mixed hardwood"
"Shirakiopsis indica","Mixed hardwood"
"yellow llima","Mixed hardwood"
"fanpetals","Mixed hardwood"
"American black nightshade","Mixed hardwood"
"earleaf nightshade","Mixed hardwood"
"tilol","Mixed hardwood"
"none","Mixed hardwood"
"konpuil","Mixed hardwood"
"Garcinia","Mixed hardwood"
"forest gardenia","Mixed hardwood"
"Oahu gardenia","Mixed hardwood"
"Remys gardenia","Mixed hardwood"
"gardenia","Mixed hardwood"
"Tahitian gardenia","Mixed hardwood"
"manuai vivao","Mixed hardwood"
"taipoipo","Mixed hardwood"
"Gironniera celtidifolia","Mixed hardwood"
"masame","Mixed hardwood"
"Glochidion marianum","Mixed hardwood"
"Glochidion","Mixed hardwood"
"belau","Mixed hardwood"
"blacheos","Mixed hardwood"
"Gmelina","Mixed hardwood"
"Gnetum gnemon","Mixed hardwood"
"Goniothalamus carolinensis","Mixed hardwood"
"kahiliflower","Mixed hardwood"
"grevillea","Mixed hardwood"
"fau ui","Mixed hardwood"
"paipai","Mixed hardwood"
"nightshade","Mixed hardwood"
"mamani","Mixed hardwood"
"necklacepod","Mixed hardwood"
"silver bush","Mixed hardwood"
"spathodea","Mixed hardwood"
"Spiraeanthemum samoense","Mixed hardwood"
"Spondias","Mixed hardwood"
"ngmui","Mixed hardwood"
"titmel","Mixed hardwood"
"fanaio","Mixed hardwood"
"Sterculia palauensis","Mixed hardwood"
"anthropophagorum","Mixed hardwood"
"Hawaii roughbush","Mixed hardwood"
"streblus","Mixed hardwood"
"chebtui, ebtui","Mixed hardwood"
"turpentine tree","Mixed hardwood"
"Miracle Berry","Mixed hardwood"
"asi","Mixed hardwood"
"popona","Mixed hardwood"
"asi vai","Mixed hardwood"
"nonu vao","Mixed hardwood"
"fena vao","Mixed hardwood"
"ohia ha","Mixed hardwood"
"syzygium","Mixed hardwood"
"puapua","Mixed hardwood"
"rhoifolia","Mixed hardwood"
"Guioa","Mixed hardwood"
"bochela uchererak, uch","Mixed hardwood"
"vilivili","Mixed hardwood"
"Haplolobus floribundus","Mixed hardwood"
"fa`aili","Mixed hardwood"
"denticulata","Mixed hardwood"
"Hedycarya","Mixed hardwood"
"Fosbergs starviolet","Mixed hardwood"
"manono","Mixed hardwood"
"starviolet","Mixed hardwood"
"variable starviolet","Mixed hardwood"
"white moho","Mixed hardwood"
"heliocarpus","Mixed hardwood"
"ufa","Mixed hardwood"
"ufa halemtano","Mixed hardwood"
"Heritiera","Mixed hardwood"
"pipi","Mixed hardwood"
"pua, Chinese lantern tree","Mixed hardwood"
"Hernandia ovigera","Mixed hardwood"
"Hernandia","Mixed hardwood"
"Hernandia labyrinthica","Mixed hardwood"
"Lanai island-aster","Mixed hardwood"
"Maui island-aster","Mixed hardwood"
"Kauai island-aster","Mixed hardwood"
"island-aster","Mixed hardwood"
"toyon","Mixed hardwood"
"palma brava","Mixed hardwood"
"para rubber tree","Mixed hardwood"
"hau kuahiwi","Mixed hardwood"
"lava hau kuahiwi","Mixed hardwood"
"Kauai hau kuahiwi","Mixed hardwood"
"Kilauea hau kuahiwi","Mixed hardwood"
"Hualalai hau kuahiwi","Mixed hardwood"
"hibiscadelphus","Mixed hardwood"
"Maui hau kuahiwi","Mixed hardwood"
"Woods hau kuahiwi","Mixed hardwood"
"white rosemallow","Mixed hardwood"
"Brackenridges rosemallow","Mixed hardwood"
"lemonyellow rosemallow","Mixed hardwood"
"red Kauai rosemallow","Mixed hardwood"
"red rosemallow","Mixed hardwood"
"pink tabebuia","Mixed hardwood"
"trumpet-tree","Mixed hardwood"
"Tabernaemontana aurantiaca","Mixed hardwood"
"Pulu","Mixed hardwood"
"Tabernaemontana rotensis","Mixed hardwood"
"manunu","Mixed hardwood"
"chestnutleaf trumpetbush","Mixed hardwood"
"tectona","Mixed hardwood"
"kehma","Mixed hardwood"
"esemiich, chesemiich","Mixed hardwood"
"malili","Mixed hardwood"
"talie","Mixed hardwood"
"Flynnsohe","Mixed hardwood"
"Koolau Rangeohe","Mixed hardwood"
"Hawaii ohe","Mixed hardwood"
"ohe ohe","Mixed hardwood"
"ohe mauka","Mixed hardwood"
"tetraplasandra","Mixed hardwood"
"Mt. Waialeale ohe","Mixed hardwood"
"ohe kiko ola","Mixed hardwood"
"Florida clover ash","Mixed hardwood"
"thespesia","Mixed hardwood"
"mulga","Mixed hardwood"
"auri","Mixed hardwood"
"small Philippine acacia","Mixed hardwood"
"koa","Mixed hardwood"
"koaoha","Mixed hardwood"
"blackwood","Mixed hardwood"
"South Wales wattle","Mixed hardwood"
"beadtree","Mixed hardwood"
"Titimel","Mixed hardwood"
"mesecheues","Mixed hardwood"
"karasyu, marasau","Mixed hardwood"
"laga ali","Mixed hardwood"
"Aglaia","Mixed hardwood"
"Olomea","Mixed hardwood"
"Aidia racemosa","Mixed hardwood"
"Chinese albizia","Mixed hardwood"
"ukall ra ngebard","Mixed hardwood"
"whiteflower albizia","Mixed hardwood"
"albizia","Mixed hardwood"
"Hawaii alectryon","Mixed hardwood"
"alectryon","Mixed hardwood"
"aleurites","Mixed hardwood"
"lumbang","Mixed hardwood"
"largeleaf rosemallow","Mixed hardwood"
"Dixie rosemallow","Mixed hardwood"
"rosemallow","Mixed hardwood"
"white Kauai rosemallow","Mixed hardwood"
"Homalium whitmeeanum","Mixed hardwood"
"chemeklachel, eumail","Mixed hardwood"
"ersachel","Mixed hardwood"
"Horsfieldia nunu","Mixed hardwood"
"chersachel","Mixed hardwood"
"Horsfieldia","Mixed hardwood"
"nightblooming cactus","Mixed hardwood"
"Canary Island St. Johnswort","Mixed hardwood"
"Hawaii holly","Mixed hardwood"
"English holly","Mixed hardwood"
"mate","Mixed hardwood"
"ifi","Mixed hardwood"
"ifilele","Mixed hardwood"
"jacaranda","Mixed hardwood"
"Molokai treecotton","Mixed hardwood"
"Hawaii treecotton","Mixed hardwood"
"Kauai treecotton","Mixed hardwood"
"Wailupe Valley treecotton","Mixed hardwood"
"treecotton","Mixed hardwood"
"burgan","Mixed hardwood"
"Kunzea","Mixed hardwood"
"summit labordia","Mixed hardwood"
"bog labordia","Mixed hardwood"
"mountain labordia","Mixed hardwood"
"Waianae Range labordia","Mixed hardwood"
"Wahiawa Mountain labordia","Mixed hardwood"
"glorytree","Mixed hardwood"
"princess-flower","Mixed hardwood"
"Timonius corymbosus","Mixed hardwood"
"Timonius mollis","Mixed hardwood"
"Timonius","Mixed hardwood"
"Timonius subauritus","Mixed hardwood"
"Timonius timon","Mixed hardwood"
"olona","Mixed hardwood"
"touchardia","Mixed hardwood"
"velvetleaf soldierbush","Mixed hardwood"
"soldierbush","Mixed hardwood"
"magele","Mixed hardwood"
"oriental trema","Mixed hardwood"
"trema","Mixed hardwood"
"Trichospermum ikutai","Mixed hardwood"
"elsau, oleiulakersus","Mixed hardwood"
"maouli","Mixed hardwood"
"faia","Mixed hardwood"
"hopue","Mixed hardwood"
"opuhe","Mixed hardwood"
"urera","Mixed hardwood"
"Manila palm","Mixed hardwood"
"mu oil tree","Mixed hardwood"
"vernicia","Mixed hardwood"
"bars, beokel","Mixed hardwood"
"smallflower chastetree","Mixed hardwood"
"chastetree","Mixed hardwood"
"simpleleaf chastetree","Mixed hardwood"
"Allophylus","Mixed hardwood"
"chebeludes","Mixed hardwood"
"ebeludes, chebeludes","Mixed hardwood"
"Nepal alder","Mixed hardwood"
"chelebiob, elebiong","Mixed hardwood"
"Hawaii kauilatree","Mixed hardwood"
"Alphitonia","Mixed hardwood"
"toi","Mixed hardwood"
"deviltree","Mixed hardwood"
"Alstonia pacifica","Mixed hardwood"
"alstonia","Mixed hardwood"
"Anacolosa insularis","Mixed hardwood"
"dermarm","Mixed hardwood"
"Annona","Mixed hardwood"
"Kapua china laurel","Mixed hardwood"
"Antidesma kusaiense","Mixed hardwood"
"ha a","Mixed hardwood"
"Antidesma ponapense","Mixed hardwood"
"hame","Mixed hardwood"
"Antidesma sphaerocarpum","Mixed hardwood"
"chinalaurel","Mixed hardwood"
"Antirhea inconspicua","Mixed hardwood"
"New Caledonia pine","Mixed hardwood"
"Norfolk Island Pine","Mixed hardwood"
"Araucaria","Mixed hardwood"
"Alexandra palm","Mixed hardwood"
"shoebutton","Mixed hardwood"
"nettlespurge","Mixed hardwood"
"ketoguit","Mixed hardwood"
"labordia","Mixed hardwood"
"paleflower labordia","Mixed hardwood"
"Lanai labordia","Mixed hardwood"
"Nevada peavine","Mixed hardwood"
"Langsat","Mixed hardwood"
"bluelatan","Mixed hardwood"
"large-leaf yellow teatree","Mixed hardwood"
"common teatree","Mixed hardwood"
"broom teatree","Mixed hardwood"
"teatree","Mixed hardwood"
"Leucaena insularum","Mixed hardwood"
"leadtree","Mixed hardwood"
"privet","Mixed hardwood"
"Lychee","Mixed hardwood"
"papaono","Mixed hardwood"
"Litsea","Mixed hardwood"
"fountain palm","Mixed hardwood"
"ateate","Mixed hardwood"
"Weinmannia affinis","Mixed hardwood"
"alpine false ohelo","Mixed hardwood"
"forest false ohelo","Mixed hardwood"
"montane false ohelo","Mixed hardwood"
"Oahu false ohelo","Mixed hardwood"
"Hawaii false ohelo","Mixed hardwood"
"Kohala false ohelo","Mixed hardwood"
"variableleaf false ohelo","Mixed hardwood"
"Skottsbergs false ohelo","Mixed hardwood"
"false ohelo","Mixed hardwood"
"hairy false ohelo","Mixed hardwood"
"lalanyog","Mixed hardwood"
"leilei","Mixed hardwood"
"Xylocarpus","Mixed hardwood"
"sawtooth logwood","Mixed hardwood"
"Hawaii brushholly","Mixed hardwood"
"Xylosma nelsonii","Mixed hardwood"
"Xylosma samoensis","Mixed hardwood"
"xylosma","Mixed hardwood"
"kawau","Mixed hardwood"
"Hawaii pricklyash","Mixed hardwood"
"Kauai pricklyash","Mixed hardwood"
"Oahu pricklyash","Mixed hardwood"
"pricklyash","Mixed hardwood"
"marlberry","Mixed hardwood"
"betelnut","Mixed hardwood"
"cabo-negro","Mixed hardwood"
"dugdug, Marianas breadfruit","Mixed hardwood"
"Artocarpus nobilis","Mixed hardwood"
"Marang","Mixed hardwood"
"meduu","Mixed hardwood"
"afia","Mixed hardwood"
"Astronidium navigatorum","Mixed hardwood"
"meskui","Mixed hardwood"
"Astronidium pickeringii","Mixed hardwood"
"Astronidium samoense","Mixed hardwood"
"Astronidium","Mixed hardwood"
"Astronidium subcordata","Mixed hardwood"
"ifi ifi","Mixed hardwood"
"Bilimbi","Mixed hardwood"
"Averrhoa","Mixed hardwood"
"biut","Mixed hardwood"
"Avicennia marina","Mixed hardwood"
"Avicennia","Mixed hardwood"
"Saitamu","Mixed hardwood"
"ralm","Mixed hardwood"
"bamboo","Mixed hardwood"
"langaasag","Mixed hardwood"
"falaga","Mixed hardwood"
"Barringtonia","Mixed hardwood"
"Bauhinia binata","Mixed hardwood"
"bauhinia","Mixed hardwood"
"Javanese bishopwood","Mixed hardwood"
"bishopwood","Mixed hardwood"
"bixa","Mixed hardwood"
"akupa","Mixed hardwood"
"ahakea lau nui","Mixed hardwood"
"Hawaii dogweed","Mixed hardwood"
"ahakea","Mixed hardwood"
"bocconia","Mixed hardwood"
"virgata","Mixed hardwood"
"vinegartree","Mixed hardwood"
"Egg Fruit / Canistel","Mixed hardwood"
"bakauaine, nana","Mixed hardwood"
"macadamia nut tree, pengua","Mixed hardwood"
"Macadamia","Mixed hardwood"
"Macadamia Nut","Mixed hardwood"
"bedel","Mixed hardwood"
"Macaranga grayana","Mixed hardwood"
"lau pata","Mixed hardwood"
"pengua","Mixed hardwood"
"macaranga","Mixed hardwood"
"lau fatu","Mixed hardwood"
"parasol leaf tree","Mixed hardwood"
"Macaranga thompsonii","Mixed hardwood"
"Mallotus palauensis","Mixed hardwood"
"kamala tree","Mixed hardwood"
"mallotus","Mixed hardwood"
"Mallotus tiliifolius","Mixed hardwood"
"manapau","Mixed hardwood"
"chopak","Mixed hardwood"
"Mammea","Mixed hardwood"
"kanit","Mixed hardwood"
"saipan mango","Mixed hardwood"
"ceara rubbertree","Mixed hardwood"
"manihot","Mixed hardwood"
"pani","Mixed hardwood"
"kohle","Mixed hardwood"
"Manilkara","Mixed hardwood"
"udeuid","Mixed hardwood"
"bkau, apgau","Mixed hardwood"
"kanawao","Mixed hardwood"
"angels-trumpet","Mixed hardwood"
"smallflower bruguiera","Mixed hardwood"
"Oriental mangrove","Mixed hardwood"
"bruguiera","Mixed hardwood"
"omail","Mixed hardwood"
"gasu","Mixed hardwood"
"omail, deuachel","Mixed hardwood"
"Buchanania","Mixed hardwood"
"dogtail","Mixed hardwood"
"Burckella richii","Mixed hardwood"
"French plantain","Mixed hardwood"
"bungeltuu","Mixed hardwood"
"tama","Mixed hardwood"
"tuu banana","Mixed hardwood"
"uhiuhi","Mixed hardwood"
"tamanu","Mixed hardwood"
"chesemolech","Mixed hardwood"
"olebtaches, chesemolech","Mixed hardwood"
"calophyllum","Mixed hardwood"
"calotropis","Mixed hardwood"
"Medusanthera carolinensis","Mixed hardwood"
"matamo","Mixed hardwood"
"Medusanthera","Mixed hardwood"
"alom","Mixed hardwood"
"Melastoma candidum","Mixed hardwood"
"Melastoma sanguineum","Mixed hardwood"
"melia","Mixed hardwood"
"mokihana","Mixed hardwood"
"Ballous melicope","Mixed hardwood"
"uahiapele","Mixed hardwood"
"Waianae Range melicope","Mixed hardwood"
"manena","Mixed hardwood"
"kukaemoa","Mixed hardwood"
"piloula","Mixed hardwood"
"leiohiiaka","Mixed hardwood"
"Haleakala melicope","Mixed hardwood"
"Haupa Mountain melicope","Mixed hardwood"
"mokihana kukae moa","Mixed hardwood"
"Monoa melicope","Mixed hardwood"
"Honolulu melicope","Mixed hardwood"
"Kaala melicope","Mixed hardwood"
"Olokele Valley melicope","Mixed hardwood"
"Kaholuamanu melicope","Mixed hardwood"
"Makaha Valley melicope","Mixed hardwood"
"Molokai melicope","Mixed hardwood"
"alani","Mixed hardwood"
"Oahu melicope","Mixed hardwood"
"Makawao melicope","Mixed hardwood"
"Honokahua melicope","Mixed hardwood"
"Hana melicope","Mixed hardwood"
"eggshape melicope","Mixed hardwood"
"pale melicope","Mixed hardwood"
"Lihue melicope","Mixed hardwood"
"boxfruit alani","Mixed hardwood"
"Kohala Summit melicope","Mixed hardwood"
"hairy melicope","Mixed hardwood"
"fourangle melicope","Mixed hardwood"
"kapu melicope","Mixed hardwood"
"soopini","Mixed hardwood"
"roundleaf melicope","Mixed hardwood"
"St. Johns melicope","Mixed hardwood"
"Mt. Kaala melicope","Mixed hardwood"
"melicope","Mixed hardwood"
"volcanic melicope","Mixed hardwood"
"alani wai","Mixed hardwood"
"kipuka piaula","Mixed hardwood"
"mao","Mixed hardwood"
"melochia","Mixed hardwood"
"hierba del soldado","Mixed hardwood"
"sayafe","Mixed hardwood"
"kelela charm, kiu","Mixed hardwood"
"mafoa","Mixed hardwood"
"lukerr","Mixed hardwood"
"Pili Nut","Mixed hardwood"
"Canarium","Mixed hardwood"
"maali","Mixed hardwood"
"Olasina","Mixed hardwood"
"scorpionbush","Mixed hardwood"
"fish tail palm","Mixed hardwood"
"Caryota","Mixed hardwood"
"fishtail palm","Mixed hardwood"
"keuert","Mixed hardwood"
"Casearia","Mixed hardwood"
"kassod tree","Mixed hardwood"
"Cassia","Mixed hardwood"
"gagu,australian pine","Mixed hardwood"
"trumpet tree","Mixed hardwood"
"faniok","Mixed hardwood"
"fagufagu","Mixed hardwood"
"Meryta","Mixed hardwood"
"collina","Mixed hardwood"
"ohia","Mixed hardwood"
"ohia lehua","Mixed hardwood"
"lehua papa","Mixed hardwood"
"lehua","Mixed hardwood"
"lehua ahihi","Mixed hardwood"
"Kauai bottlebrush","Mixed hardwood"
"ivory-nut palm","Mixed hardwood"
"sago palm","Mixed hardwood"
"Metroxylon","Mixed hardwood"
"Orange Champak","Mixed hardwood"
"velvet tree","Mixed hardwood"
"talafulu","Mixed hardwood"
"pinnata","Mixed hardwood"
"bulletwood, elengi","Mixed hardwood"
"treedaisy","Mixed hardwood"
"montanoa","Mixed hardwood"
"firetree","Mixed hardwood"
"bayberry","Mixed hardwood"
"ngel","Mixed hardwood"
"Morinda pedunculata","Mixed hardwood"
"morinda","Mixed hardwood"
"noni kuahiwi","Mixed hardwood"
"falseohe","Mixed hardwood"
"muntingia","Mixed hardwood"
"Celtis paniculata","Mixed hardwood"
"chuti","Mixed hardwood"
"emeridech","Mixed hardwood"
"leva","Mixed hardwood"
"chiute","Mixed hardwood"
"Cerbera spp","Mixed hardwood"
"sweetpotato cactus","Mixed hardwood"
"orange jessamine","Mixed hardwood"
"jessamine","Mixed hardwood"
"koko","Mixed hardwood"
"ekoko","Mixed hardwood"
"Herbsts sandmat","Mixed hardwood"
"kokomalei","Mixed hardwood"
"alpine sandmat","Mixed hardwood"
"Koolau Range sandmat","Mixed hardwood"
"sandmat","Mixed hardwood"
"Napali coast papala","Mixed hardwood"
"ellipticleaf papala","Mixed hardwood"
"broadleaf papala","Mixed hardwood"
"Koolau Range papala","Mixed hardwood"
"papala","Mixed hardwood"
"Waianae Range papala","Mixed hardwood"
"Domins club","Mixed hardwood"
"Fauries club","Mixed hardwood"
"olapa","Mixed hardwood"
"lapalapa","Mixed hardwood"
"cheirodendron","Mixed hardwood"
"olapalapa","Mixed hardwood"
"alaweo","Mixed hardwood"
"goosefoot","Mixed hardwood"
"meia","Mixed hardwood"
"blantalos","Mixed hardwood"
"tikap","Mixed hardwood"
"fei banana","Mixed hardwood"
"Mussaenda frondosa","Mixed hardwood"
"aloalo vao","Mixed hardwood"
"Mussaenda","Mixed hardwood"
"naio","Mixed hardwood"
"myoporum","Mixed hardwood"
"rodwood","Mixed hardwood"
"yamamomo, strawberry tree","Mixed hardwood"
"sweetgale","Mixed hardwood"
"atoneulu","Mixed hardwood"
"adepurot","Mixed hardwood"
"Myristica","Mixed hardwood"
"Myristica inutilis","Mixed hardwood"
"forest colicwood","Mixed hardwood"
"summit colicwood","Mixed hardwood"
"mountain colicwood","Mixed hardwood"
"streambank colicwood","Mixed hardwood"
"Koolau Range colicwood","Mixed hardwood"
"Wahiawa Bog colicwood","Mixed hardwood"
"Kauai colicwood","Mixed hardwood"
"Kokee colicwood","Mixed hardwood"
"Lanai colicwood","Mixed hardwood"
"kolea lau nui","Mixed hardwood"
"Hanapepe River colicwood","Mixed hardwood"
"swamp colicwood","Mixed hardwood"
"Molokai colicwood","Mixed hardwood"
"kokea lau lii","Mixed hardwood"
"colicwood","Mixed hardwood"
"Mt. Kahili colicwood","Mixed hardwood"
"fao","Mixed hardwood"
"afa","Mixed hardwood"
"Rambutan","Mixed hardwood"
"Hawaiian tree fern","Mixed hardwood"
"Chamissos manfern","Mixed hardwood"
"hapuu","Mixed hardwood"
"hapuu li","Mixed hardwood"
"manfern","Mixed hardwood"
"quinine","Mixed hardwood"
"cinchona","Mixed hardwood"
"Padang cassia","Mixed hardwood"
"ochod","Mixed hardwood"
"matieu","Mixed hardwood"
"fiddlewood","Mixed hardwood"
"Lime (Tipolo)","Mixed hardwood"
"grapefruit, kahet magas","Mixed hardwood"
"limon china","Mixed hardwood"
"kahet, wild orange","Mixed hardwood"
"calamondin, kingkang","Mixed hardwood"
"koee","Mixed hardwood"
"Claoxylon fallax","Mixed hardwood"
"Claoxylon longiracemosum","Mixed hardwood"
"katteknau, katot","Mixed hardwood"
"poola","Mixed hardwood"
"claoxylon","Mixed hardwood"
"Cleistanthus carolinianus","Mixed hardwood"
"Cleistanthus insularis","Mixed hardwood"
"Cleistanthus","Mixed hardwood"
"oha wai nui Clermontia","Mixed hardwood"
"oha wai nui","Mixed hardwood"
"Kauai clermontia","Mixed hardwood"
"Kohala Mountain clermontia","Mixed hardwood"
"haha aiakamanu","Mixed hardwood"
"bog clermontia","Mixed hardwood"
"oha kepau","Mixed hardwood"
"forest clermontia","Mixed hardwood"
"Waipio Valley clermontia","Mixed hardwood"
"hillside clermontia","Mixed hardwood"
"Maui clermontia","Mixed hardwood"
"Mauna Loa clermontia","Mixed hardwood"
"Oahu clermontia","Mixed hardwood"
"Wailai Pali clermontia","Mixed hardwood"
"smallflower clermontia","Mixed hardwood"
"pele clermontia","Mixed hardwood"
"Waioiani clermontia","Mixed hardwood"
"Hamakua clermontia","Mixed hardwood"
"Clermontia singuliflora","Mixed hardwood"
"clermontia","Mixed hardwood"
"Haleakala clermontia","Mixed hardwood"
"swampforest clermontia","Mixed hardwood"
"maaloa","Mixed hardwood"
"keahi","Mixed hardwood"
"Hawaii olive","Mixed hardwood"
"nestegis","Mixed hardwood"
"kalm, aralm","Mixed hardwood"
"tree tobacco","Mixed hardwood"
"tobacco","Mixed hardwood"
"smallflower aiea","Mixed hardwood"
"broadleaf aiea","Mixed hardwood"
"longleaf aiea","Mixed hardwood"
"Oahu aiea","Mixed hardwood"
"aiea","Mixed hardwood"
"kaala rockwort","Mixed hardwood"
"Hawaii rockwort","Mixed hardwood"
"toechel, teuechel","Mixed hardwood"
"ochna","Mixed hardwood"
"Thomas birds-eye bush","Mixed hardwood"
"holei","Mixed hardwood"
"island yellowwood","Mixed hardwood"
"Kauai yellowwood","Mixed hardwood"
"Hawaii yellowwood","Mixed hardwood"
"langiti","Mixed hardwood"
"oleandra fern","Mixed hardwood"
"olive","Mixed hardwood"
"fanuamamala","Mixed hardwood"
"Homalanthus","Mixed hardwood"
"cochineal nopal cactus","Mixed hardwood"
"tuna cactus","Mixed hardwood"
"common pricklypear","Mixed hardwood"
"pricklypear","Mixed hardwood"
"amansis, edebsungelked, necklace bead tree","Mixed hardwood"
"Osmoxylon","Mixed hardwood"
"miich era ngebard, guiana chestnut","Mixed hardwood"
"stickbush","Mixed hardwood"
"Natal glorybower","Mixed hardwood"
"turks turbin","Mixed hardwood"
"velvetleaf glorybower","Mixed hardwood"
"glorybower","Mixed hardwood"
"attorney","Mixed hardwood"
"coffee","Mixed hardwood"
"uab, chuchab","Mixed hardwood"
"Asian nakedwood","Mixed hardwood"
"kauila","Mixed hardwood"
"nakedwood","Mixed hardwood"
"ochaol","Mixed hardwood"
"Mao","Mixed hardwood"
"chertochet","Mixed hardwood"
"matal","Mixed hardwood"
"ongor","Mixed hardwood"
"silaue","Mixed hardwood"
"kienpel","Mixed hardwood"
"pahong","Mixed hardwood"
"moak","Mixed hardwood"
"hara","Mixed hardwood"
"aggag","Mixed hardwood"
"nenketak","Mixed hardwood"
"pacheren","Mixed hardwood"
"buuk","Mixed hardwood"
"siu","Mixed hardwood"
"lakatwa","Mixed hardwood"
"erwan, jonmouia","Mixed hardwood"
"intekul, pasyure","Mixed hardwood"
"ongor, ertochet","Mixed hardwood"
"menne","Mixed hardwood"
"Palaquium karrak","Mixed hardwood"
"Pandanus odontoides","Mixed hardwood"
"peet","Mixed hardwood"
"alwan, kipal, taip","Mixed hardwood"
"deipw, jomineia","Mixed hardwood"
"pathaplip","Mixed hardwood"
"fasa","Mixed hardwood"
"magojokojok","Mixed hardwood"
"screwpine","Mixed hardwood"
"Tahitian screwpine","Mixed hardwood"
"kiparenwel","Mixed hardwood"
"mojel","Mixed hardwood"
"berrakelongor","Mixed hardwood"
"rauel","Mixed hardwood"
"lonlin, lajokorer","Mixed hardwood"
"sea","Mixed hardwood"
"ais","Mixed hardwood"
"Parinari","Mixed hardwood"
"Parkia korom","Mixed hardwood"
"kmekumer","Mixed hardwood"
"paloverde","Mixed hardwood"
"ngis","Mixed hardwood"
"Pericopsis mooniana","Mixed hardwood"
"olomea","Mixed hardwood"
"Phaleria nisidai","Mixed hardwood"
"Canary Island date palm","Mixed hardwood"
"date palm","Mixed hardwood"
"Chinese  photinia","Mixed hardwood"
"forest mirrorplant","Mixed hardwood"
"koi","Mixed hardwood"
"Oahu mirrorplant","Mixed hardwood"
"alpine mirrorplant","Mixed hardwood"
"Maui mirrorplant","Mixed hardwood"
"pubescent mirrorplant","Mixed hardwood"
"woodland mirrorplant","Mixed hardwood"
"mirrorplant","Mixed hardwood"
"olena","Mixed hardwood"
"Tou","Mixed hardwood"
"fragrant manjack","Mixed hardwood"
"Cordia micronesica","Mixed hardwood"
"cordia","Mixed hardwood"
"kou","Mixed hardwood"
"tiplant","Mixed hardwood"
"cordyline","Mixed hardwood"
"redgum","Mixed hardwood"
"redflower gum","Mixed hardwood"
"red bloodwood","Mixed hardwood"
"karaka nut","Mixed hardwood"
"alaa","Mixed hardwood"
"pouteria","Mixed hardwood"
"ahgao","Mixed hardwood"
"Premna pubescens","Mixed hardwood"
"aloalo","Mixed hardwood"
"Premna","Mixed hardwood"
"corynocarpus","Mixed hardwood"
"sacred garlic pear","Mixed hardwood"
"houka, calabash","Mixed hardwood"
"longbeak rattlebox","Mixed hardwood"
"Cryptocarya oreophila","Mixed hardwood"
"laulilii","Mixed hardwood"
"holio","Mixed hardwood"
"cryptocarya","Mixed hardwood"
"pamakani mahu","Mixed hardwood"
"Pimenta","Mixed hardwood"
"chebouch, demailei","Mixed hardwood"
"maritime pine","Mixed hardwood"
"Waimea pipturus","Mixed hardwood"
"soga","Mixed hardwood"
"pipturus","Mixed hardwood"
"piscidia","Mixed hardwood"
"Australasian catchbirdtree","Mixed hardwood"
"grand devils-claws","Mixed hardwood"
"aulu","Mixed hardwood"
"catchbirdtree","Mixed hardwood"
"umbrella catchbirdtree","Mixed hardwood"
"Kauai catchbirdtree","Mixed hardwood"
"Mona cheesewood, Pittosporum","Mixed hardwood"
"Hawaii poisonberry tree","Mixed hardwood"
"hoawa","Mixed hardwood"
"Waianae Range cheesewood","Mixed hardwood"
"Waialeale cheesewood","Mixed hardwood"
"Koolau Range cheesewood","Mixed hardwood"
"Hawaii cheesewood","Mixed hardwood"
"Kona cheesewood","Mixed hardwood"
"Kauai cheesewood","Mixed hardwood"
"Japanese cedar","Mixed hardwood"
"Haleakala cyanea","Mixed hardwood"
"palmtree cyanea","Mixed hardwood"
"Kauai cyanea","Mixed hardwood"
"Degeners cyanea","Mixed hardwood"
"Kilauea Mauna cyanea","Mixed hardwood"
"wetforest cyanea","Mixed hardwood"
"Oahu cyanea","Mixed hardwood"
"prickly cyanea","Mixed hardwood"
"Limahuli Valley cyanea","Mixed hardwood"
"Kunths cyanea","Mixed hardwood"
"giant kokee cyanea","Mixed hardwood"
"purple cyanea","Mixed hardwood"
"Marks cyanea","Mixed hardwood"
"hairy cyanea","Mixed hardwood"
"pohaku cyanea","Mixed hardwood"
"Molokai cyanea","Mixed hardwood"
"manyfruit cyanea","Mixed hardwood"
"oakleaf cyanea","Mixed hardwood"
"plateau delissea","Mixed hardwood"
"pua kala","Mixed hardwood"
"cyanea","Mixed hardwood"
"Kaiholena cyanea","Mixed hardwood"
"Mt. Kaala cyanea","Mixed hardwood"
"aku aku","Mixed hardwood"
"Coopers cyathea","Mixed hardwood"
"olioli","Mixed hardwood"
"kattar","Mixed hardwood"
"treefern","Mixed hardwood"
"remiang","Mixed hardwood"
"Cycas","Mixed hardwood"
"ola","Mixed hardwood"
"gulos","Mixed hardwood"
"tree-tomato","Mixed hardwood"
"cyrtandra","Mixed hardwood"
"Cyrtandra","Mixed hardwood"
"forest cyrtandra","Mixed hardwood"
"royal cheesewood","Mixed hardwood"
"Taiwanese cheesewood","Mixed hardwood"
"cheesewood","Mixed hardwood"
"cream cheesewood","Mixed hardwood"
"Australian cheesewood","Mixed hardwood"
"cape cheesewood","Mixed hardwood"
"mamalava","Mixed hardwood"
"Planchonella","Mixed hardwood"
"Hawaii pilo kea","Mixed hardwood"
"Maui pilo kea","Mixed hardwood"
"platydesma","Mixed hardwood"
"golden hala pepe","Mixed hardwood"
"Maui hala pepe","Mixed hardwood"
"Lanai hala pepe","Mixed hardwood"
"Waianae Range hala pepe","Mixed hardwood"
"royal hala pepe","Mixed hardwood"
"Hawaii hala pepe","Mixed hardwood"
"hala pepe","Mixed hardwood"
"Plumeria","Mixed hardwood"
"bungaruau","Mixed hardwood"
"Polyscias macgillivrayi","Mixed hardwood"
"bngei","Mixed hardwood"
"tagitagi","Mixed hardwood"
"shield aralia","Mixed hardwood"
"Polyscias","Mixed hardwood"
"tava","Mixed hardwood"
"kattai","Mixed hardwood"
"Ponapea ledermanniana","Mixed hardwood"
"Ponapea","Mixed hardwood"
"kisaks","Mixed hardwood"
"Abiu","Mixed hardwood"
"elangel, chelangel","Mixed hardwood"
"eggfruit","Mixed hardwood"
"lalahag","Mixed hardwood"
"Hawaii delissea","Mixed hardwood"
"cutleaf delissea","Mixed hardwood"
"Niihau delissea","Mixed hardwood"
"smallflower delissea","Mixed hardwood"
"delissea","Mixed hardwood"
"leechleaf delissea","Mixed hardwood"
"delonix","Mixed hardwood"
"salato","Mixed hardwood"
"kahtat","Mixed hardwood"
"Dendrocnide","Mixed hardwood"
"redpalm","Mixed hardwood"
"shrubby dillenia","Mixed hardwood"
"mabolo","Mixed hardwood"
"Mabolo","Mixed hardwood"
"Black sapote","Mixed hardwood"
"anume","Mixed hardwood"
"Diospyros ferrea","Mixed hardwood"
"elama","Mixed hardwood"
"persimmon","Mixed hardwood"
"auauli","Mixed hardwood"
"lama","Mixed hardwood"
"otot","Mixed hardwood"
"rru","Mixed hardwood"
"Dracaena multiflora","Mixed hardwood"
"kevert","Mixed hardwood"
"Drypetes","Mixed hardwood"
"Dubautia","Mixed hardwood"
"Mauna Kea dubautia","Mixed hardwood"
"forest dubautia","Mixed hardwood"
"Kauai dubautia","Mixed hardwood"
"plantainleaf dubautia","Mixed hardwood"
"netvein dubautia","Mixed hardwood"
"dubautia","Mixed hardwood"
"Durian","Mixed hardwood"
"maota mea","Mixed hardwood"
"maota","Mixed hardwood"
"mamala","Mixed hardwood"
"Chihuahuan pine","Pine"
"Callery pear","Mixed hardwood"
"common pear","Mixed hardwood"
"Texas live oak","Juniper/oak/mesquite"
"prairie sumac","Mixed hardwood"
"mescal bean","Mixed hardwood"
"Japanese maple","Mixed hardwood"
"holly","Mixed hardwood"
"yaupon","Mixed hardwood"
"goldenrain tree","Mixed hardwood"
"Chinese elm","Mixed hardwood"
"farkleberry","Mixed hardwood"
"rusty blackhaw","Mixed hardwood"
"Chinese privet","Mixed hardwood"
"Japanese privet","Juniper/oak/mesquite"
"glossy privet","Juniper/oak/mesquite"
"Hercules' club","Mixed hardwood"
"paper mulberry","Mixed hardwood"
"cherry laurel","Mixed hardwood"
"roughleaf dogwood","Mixed hardwood"
"Chinese pistache","Mixed hardwood"
"bastard oak","Juniper/oak/mesquite"
"Mexican sycamore","Mixed hardwood"
"hardy orange","Mixed hardwood"
"chimei","Mixed hardwood"
"Kosrae elaeocarpus","Mixed hardwood"
"poison tree","Mixed hardwood"
"maras","Mixed hardwood"
"peach palm","Mixed hardwood"
"strand tree","Mixed hardwood"
"ice cream bean","Mixed hardwood"
"kehn","Mixed hardwood"
"tuhke duwehte kamal","Mixed hardwood"
"weeping bottlebrush","Mixed hardwood"
"Campnosperma brevipetiolata","Mixed hardwood"
"jaboticaba","Mixed hardwood"
"pulasan","Mixed hardwood"
"palm tree","Mixed hardwood"
"robusta coffee","Mixed hardwood"
"croton","Mixed hardwood"
"kamal","Mixed hardwood"
"eeme","Mixed hardwood"
"Dalbergia retusa","Mixed hardwood"
"cocobolo","Mixed hardwood"
"song of India","Mixed hardwood"
